{"type":"FeatureCollection","name":"candidate_vessel_tracks","features":[{"type":"Feature","properties":{"mmsi":338176375,"vessel_name":"BOOGIE","suspicion_level":"LOW","total_score":39.8,"points_count":61},"geometry":{"type":"LineString","coordinates":[[-89.21087,29.14468],[-89.22405,29.14519],[-89.23507,29.14746],[-89.23809,29.14764],[-89.24038,29.14849],[-89.24982,29.1526],[-89.25454,29.1589],[-89.25601,29.16457],[-89.25841,29.17245],[-89.26113,29.18038],[-89.26469,29.1875],[-89.26856,29.19498],[-89.27255,29.20246],[-89.27566,29.20774],[-89.27841,29.2131],[-89.28581,29.22249],[-89.29147,29.22703],[-89.29887,29.23215],[-89.3064,29.23712],[-89.31294,29.24339],[-89.32001,29.2495],[-89.32524,29.25334],[-89.33269,29.25961],[-89.34503,29.26938],[-89.35047,29.27053],[-89.35174,29.2603],[-89.35637,29.25374],[-89.35731,29.25213],[-89.36075,29.24737],[-89.3616,29.24892],[-89.36184,29.25032],[-89.36122,29.25036],[-89.36104,29.25039],[-89.36096,29.24738],[-89.3596,29.24643],[-89.35823,29.24885],[-89.3573,29.25063],[-89.35659,29.2519],[-89.35442,29.25487],[-89.35087,29.25875],[-89.35106,29.26613],[-89.34534,29.27021],[-89.33491,29.26696],[-89.3252,29.26124],[-89.31514,29.25265],[-89.30541,29.24581],[-89.30231,29.24258],[-89.29463,29.23525],[-89.28719,29.2251],[-89.28283,29.21789],[-89.27827,29.21061],[-89.27203,29.20056],[-89.26855,29.19365],[-89.26475,29.18622],[-89.25935,29.17562],[-89.25396,29.16636],[-89.23949,29.14777],[-89.23061,29.14541],[-89.21254,29.14384],[-89.21199,29.1499],[-89.21235,29.15016]]}},{"type":"Feature","properties":{"mmsi":338444731,"vessel_name":"FULL CIRCLE II","suspicion_level":"LOW","total_score":43.7,"points_count":61},"geometry":{"type":"LineString","coordinates":[[-89.36412,29.2406],[-89.36412,29.2406],[-89.36413,29.24061],[-89.36324,29.24082],[-89.36294,29.23992],[-89.36296,29.23884],[-89.36294,29.23724],[-89.36302,29.23596],[-89.36145,29.23478],[-89.35893,29.23502],[-89.35884,29.2376],[-89.35891,29.23788],[-89.35888,29.23806],[-89.35908,29.24101],[-89.35877,29.24723],[-89.35744,29.25074],[-89.3552,29.25403],[-89.35094,29.25965],[-89.3508,29.26483],[-89.35038,29.26843],[-89.34679,29.27],[-89.34217,29.26715],[-89.33538,29.26265],[-89.3288,29.25749],[-89.32243,29.2524],[-89.31215,29.24355],[-89.30801,29.23926],[-89.30475,29.23446],[-89.30009,29.22807],[-89.29496,29.22087],[-89.29047,29.21392],[-89.28449,29.20417],[-89.2816,29.19946],[-89.27703,29.19206],[-89.27265,29.18492],[-89.26523,29.17442],[-89.26157,29.17056],[-89.25968,29.16848],[-89.25731,29.16513],[-89.2533,29.16067],[-89.25003,29.15785],[-89.24542,29.15346],[-89.24217,29.15024],[-89.23592,29.14757],[-89.22972,29.14561],[-89.22175,29.14432],[-89.21358,29.14335],[-89.20587,29.14426],[-89.20425,29.14496],[-89.20386,29.14543],[-89.20279,29.14572],[-89.19736,29.14143],[-89.19859,29.14043],[-89.20062,29.13882],[-89.20064,29.13886],[-89.20064,29.13886],[-89.20063,29.13887],[-89.20064,29.13887],[-89.20063,29.13887],[-89.20064,29.13887],[-89.20065,29.13886]]}},{"type":"Feature","properties":{"mmsi":366701330,"vessel_name":"JAMAL","suspicion_level":"LOW","total_score":37.6,"points_count":395},"geometry":{"type":"LineString","coordinates":[[-89.21331,29.15003],[-89.21331,29.15008],[-89.21332,29.15003],[-89.21334,29.15002],[-89.21332,29.15005],[-89.21329,29.15006],[-89.21333,29.15002],[-89.21331,29.15001],[-89.21326,29.15003],[-89.21334,29.15002],[-89.21332,29.15003],[-89.21335,29.15005],[-89.21333,29.15004],[-89.21336,29.15011],[-89.21333,29.15006],[-89.21333,29.15006],[-89.21333,29.15005],[-89.21335,29.15007],[-89.21334,29.15007],[-89.2133,29.15003],[-89.21331,29.15005],[-89.21334,29.15008],[-89.21333,29.15006],[-89.21335,29.15006],[-89.21336,29.15009],[-89.21334,29.15005],[-89.21332,29.15005],[-89.21335,29.15003],[-89.21334,29.15006],[-89.21334,29.15004],[-89.21334,29.15003],[-89.21331,29.15002],[-89.21334,29.15002],[-89.21333,29.15003],[-89.21337,29.15006],[-89.21336,29.15004],[-89.21332,29.15002],[-89.21334,29.15003],[-89.21333,29.15005],[-89.21331,29.15003],[-89.21333,29.15002],[-89.21339,29.15003],[-89.21336,29.15005],[-89.2133,29.15004],[-89.21336,29.15002],[-89.21331,29.15],[-89.2133,29.15002],[-89.21331,29.15003],[-89.2133,29.15001],[-89.21332,29.15001],[-89.2133,29.15002],[-89.21334,29.15002],[-89.21332,29.15002],[-89.21329,29.15004],[-89.21336,29.15003],[-89.21326,29.14999],[-89.21329,29.15001],[-89.2133,29.15],[-89.21323,29.15],[-89.21327,29.15002],[-89.21332,29.15003],[-89.21332,29.15001],[-89.21331,29.15002],[-89.21331,29.15003],[-89.21332,29.15001],[-89.21335,29.15005],[-89.21331,29.15004],[-89.21335,29.15006],[-89.21333,29.15005],[-89.21335,29.15006],[-89.21334,29.15002],[-89.21334,29.15001],[-89.21333,29.15003],[-89.21336,29.15],[-89.21336,29.15001],[-89.21335,29.15002],[-89.21331,29.15004],[-89.21334,29.15006],[-89.21338,29.15006],[-89.21335,29.15004],[-89.21335,29.15003],[-89.21333,29.15003],[-89.21336,29.15003],[-89.21334,29.15004],[-89.21333,29.15002],[-89.21332,29.15004],[-89.21335,29.15],[-89.21334,29.15001],[-89.21331,29.15],[-89.21333,29.15003],[-89.21336,29.15002],[-89.21338,29.15006],[-89.21337,29.15002],[-89.21335,29.15004],[-89.21333,29.15003],[-89.21332,29.15002],[-89.21329,29.15005],[-89.21336,29.15005],[-89.21333,29.15004],[-89.21339,29.15006],[-89.21337,29.15007],[-89.21331,29.15005],[-89.21334,29.15007],[-89.21333,29.15005],[-89.21329,29.15001],[-89.21333,29.15003],[-89.21335,29.15002],[-89.21337,29.15003],[-89.21335,29.15003],[-89.21328,29.15003],[-89.21331,29.14999],[-89.21334,29.15002],[-89.21333,29.15002],[-89.21336,29.15003],[-89.21335,29.15],[-89.21334,29.15004],[-89.21333,29.15002],[-89.21332,29.15],[-89.21331,29.15004],[-89.21335,29.15003],[-89.21334,29.15005],[-89.21333,29.15003],[-89.21332,29.15003],[-89.21334,29.15003],[-89.21332,29.15005],[-89.21332,29.15007],[-89.21332,29.15003],[-89.21331,29.15002],[-89.21331,29.15003],[-89.21329,29.15002],[-89.21328,29.15],[-89.21331,29.15005],[-89.21334,29.15002],[-89.21334,29.15005],[-89.21334,29.15003],[-89.21336,29.15006],[-89.21335,29.15002],[-89.21337,29.15003],[-89.21335,29.15004],[-89.21336,29.15004],[-89.21333,29.15003],[-89.21332,29.15002],[-89.21332,29.15],[-89.21331,29.15005],[-89.21333,29.15004],[-89.21335,29.15001],[-89.21337,29.15001],[-89.21334,29.15003],[-89.21333,29.15002],[-89.21332,29.15002],[-89.21331,29.15004],[-89.21331,29.15007],[-89.21333,29.15005],[-89.21336,29.15004],[-89.21335,29.15007],[-89.21332,29.15003],[-89.21332,29.15005],[-89.21328,29.15],[-89.21326,29.15009],[-89.21331,29.15006],[-89.21332,29.15006],[-89.21334,29.15003],[-89.21332,29.15007],[-89.21329,29.15002],[-89.21329,29.15001],[-89.21332,29.15001],[-89.21329,29.15001],[-89.21332,29.15],[-89.21329,29.15],[-89.21332,29.15002],[-89.21332,29.15005],[-89.2133,29.15005],[-89.21332,29.15002],[-89.21331,29.15003],[-89.21336,29.15001],[-89.21335,29.15005],[-89.21335,29.15002],[-89.21337,29.15],[-89.21337,29.15003],[-89.21335,29.15001],[-89.21331,29.15007],[-89.21336,29.15006],[-89.21336,29.15003],[-89.21333,29.15004],[-89.21337,29.15004],[-89.21336,29.15005],[-89.21333,29.15004],[-89.21333,29.15003],[-89.21331,29.15002],[-89.21332,29.15006],[-89.21334,29.15005],[-89.21333,29.15005],[-89.21334,29.15005],[-89.21331,29.15004],[-89.21332,29.15003],[-89.21333,29.15001],[-89.21334,29.15005],[-89.21331,29.15002],[-89.21332,29.15002],[-89.2133,29.15001],[-89.21331,29.15002],[-89.21332,29.15001],[-89.2133,29.15003],[-89.21336,29.15005],[-89.21333,29.15008],[-89.21331,29.15001],[-89.21334,29.15005],[-89.21332,29.15005],[-89.2133,29.15003],[-89.21334,29.15007],[-89.21332,29.15003],[-89.2133,29.15004],[-89.21334,29.15003],[-89.21334,29.15003],[-89.21333,29.15004],[-89.21333,29.15006],[-89.21334,29.15007],[-89.21332,29.15003],[-89.21332,29.15002],[-89.21331,29.15004],[-89.21334,29.15003],[-89.21333,29.15],[-89.21333,29.15008],[-89.21332,29.15004],[-89.21331,29.15004],[-89.21333,29.15003],[-89.21331,29.15003],[-89.21336,29.15004],[-89.21335,29.15007],[-89.21333,29.15003],[-89.21331,29.15004],[-89.21332,29.15002],[-89.21336,29.15004],[-89.21332,29.15002],[-89.21331,29.15001],[-89.21331,29.15002],[-89.21334,29.15002],[-89.21335,29.15002],[-89.21335,29.15003],[-89.21334,29.15004],[-89.21334,29.15002],[-89.21333,29.15003],[-89.21331,29.15],[-89.21334,29.15],[-89.21335,29.14999],[-89.21335,29.15002],[-89.21331,29.15],[-89.21331,29.15],[-89.21333,29.15],[-89.21331,29.15004],[-89.21332,29.15003],[-89.21333,29.15002],[-89.21322,29.15],[-89.21317,29.14999],[-89.21327,29.14999],[-89.21331,29.15001],[-89.21328,29.15003],[-89.21333,29.15003],[-89.2133,29.15005],[-89.21331,29.15002],[-89.2133,29.15002],[-89.21333,29.15],[-89.21331,29.14999],[-89.21332,29.15001],[-89.21333,29.14999],[-89.21335,29.15],[-89.21334,29.14993],[-89.21336,29.14996],[-89.21335,29.14998],[-89.21336,29.15002],[-89.21338,29.15],[-89.21337,29.15002],[-89.21333,29.15001],[-89.21336,29.15001],[-89.21333,29.15003],[-89.21332,29.15004],[-89.21333,29.15002],[-89.21333,29.15001],[-89.21333,29.15005],[-89.21335,29.15004],[-89.21334,29.15002],[-89.21334,29.15002],[-89.21334,29.15001],[-89.21335,29.15004],[-89.21336,29.15002],[-89.21334,29.15002],[-89.21332,29.15],[-89.21334,29.15004],[-89.21335,29.15001],[-89.21331,29.15],[-89.21327,29.14998],[-89.21335,29.14996],[-89.21335,29.15],[-89.21335,29.15001],[-89.21334,29.15004],[-89.21334,29.15002],[-89.21334,29.15003],[-89.21334,29.15003],[-89.21338,29.15005],[-89.21332,29.15004],[-89.21332,29.15004],[-89.21334,29.15003],[-89.21335,29.15],[-89.21332,29.15002],[-89.21329,29.15002],[-89.21333,29.15004],[-89.21333,29.15003],[-89.21331,29.15],[-89.21332,29.15001],[-89.21326,29.15004],[-89.21334,29.15004],[-89.2133,29.15005],[-89.21326,29.15008],[-89.21329,29.15005],[-89.21333,29.15008],[-89.21334,29.15008],[-89.2133,29.1501],[-89.21334,29.15002],[-89.2133,29.15],[-89.21336,29.15005],[-89.21333,29.15002],[-89.21335,29.15002],[-89.21331,29.15001],[-89.21331,29.15002],[-89.21332,29.15003],[-89.21335,29.15004],[-89.21331,29.15001],[-89.21333,29.14998],[-89.21334,29.15001],[-89.21332,29.15],[-89.21329,29.15002],[-89.21329,29.15],[-89.21332,29.15001],[-89.21328,29.15003],[-89.21334,29.15001],[-89.21327,29.15005],[-89.21329,29.15002],[-89.21333,29.15005],[-89.2133,29.14998],[-89.21333,29.14999],[-89.21332,29.14999],[-89.2133,29.15001],[-89.21325,29.14999],[-89.21325,29.14999],[-89.21327,29.15001],[-89.21332,29.15002],[-89.21335,29.15002],[-89.21334,29.15002],[-89.2133,29.15003],[-89.21333,29.15002],[-89.21332,29.15003],[-89.21333,29.15002],[-89.21332,29.15],[-89.21332,29.15003],[-89.21332,29.15001],[-89.21334,29.15001],[-89.21334,29.15002],[-89.21331,29.15003],[-89.2133,29.15001],[-89.2133,29.15002],[-89.21328,29.15001],[-89.21331,29.15002],[-89.21331,29.15001],[-89.21328,29.15],[-89.2133,29.15002],[-89.2133,29.14999],[-89.21331,29.15002],[-89.21328,29.15002],[-89.21325,29.15004],[-89.21325,29.15006],[-89.21326,29.15004],[-89.21333,29.15002],[-89.21335,29.15004],[-89.21334,29.15003],[-89.21334,29.15003],[-89.2133,29.15004],[-89.21327,29.15],[-89.21328,29.14999],[-89.21331,29.15003],[-89.2133,29.15003],[-89.21329,29.15002],[-89.21329,29.15001],[-89.21328,29.15001],[-89.21328,29.14999],[-89.2133,29.15001],[-89.21332,29.15002],[-89.21331,29.15005],[-89.21333,29.15003],[-89.21331,29.15005],[-89.21333,29.15005],[-89.21331,29.15005],[-89.21331,29.15005],[-89.21334,29.15004],[-89.21335,29.15003],[-89.21333,29.15003]]}},{"type":"Feature","properties":{"mmsi":366953000,"vessel_name":"CG WALNUT","suspicion_level":"MEDIUM","total_score":52.5,"points_count":136},"geometry":{"type":"LineString","coordinates":[[-88.70591,29.30498],[-88.70982,29.3024],[-88.71416,29.29967],[-88.71873,29.29663],[-88.72246,29.29439],[-88.72661,29.29241],[-88.73038,29.29006],[-88.73409,29.28783],[-88.73822,29.2859],[-88.742,29.2838],[-88.74599,29.28152],[-88.75,29.27966],[-88.75407,29.27767],[-88.75803,29.27572],[-88.76193,29.27368],[-88.76579,29.27161],[-88.76935,29.26937],[-88.77296,29.26707],[-88.77647,29.26456],[-88.78026,29.26206],[-88.78373,29.2597],[-88.78748,29.25695],[-88.79119,29.25431],[-88.79473,29.25186],[-88.79577,29.25106],[-88.79941,29.24854],[-88.80295,29.24624],[-88.80664,29.24372],[-88.81015,29.24138],[-88.81382,29.2388],[-88.81741,29.23633],[-88.82106,29.23405],[-88.82507,29.23174],[-88.82899,29.2298],[-88.83404,29.22705],[-88.83769,29.22496],[-88.84184,29.22273],[-88.84553,29.22069],[-88.84927,29.21851],[-88.85299,29.21631],[-88.85707,29.21469],[-88.8606,29.21235],[-88.86257,29.20921],[-88.86368,29.20512],[-88.86473,29.20142],[-88.86571,29.19738],[-88.86683,29.19324],[-88.86785,29.18932],[-88.86883,29.18534],[-88.87003,29.18133],[-88.87073,29.1772],[-88.87135,29.17312],[-88.87208,29.16917],[-88.8727,29.16533],[-88.87353,29.16143],[-88.87493,29.15656],[-88.87621,29.15243],[-88.87729,29.14867],[-88.87863,29.145],[-88.87967,29.14122],[-88.88079,29.13745],[-88.88198,29.13362],[-88.88317,29.12992],[-88.88413,29.12612],[-88.8852,29.12207],[-88.88604,29.11825],[-88.88704,29.11448],[-88.88774,29.11066],[-88.88854,29.10659],[-88.88934,29.10258],[-88.89013,29.0987],[-88.89082,29.09474],[-88.89164,29.09097],[-88.89247,29.08715],[-88.89329,29.08323],[-88.89421,29.07859],[-88.89542,29.07469],[-88.8966,29.0708],[-88.89776,29.06705],[-88.89887,29.06337],[-88.89982,29.05964],[-88.90016,29.05829],[-88.9012,29.05445],[-88.9024,29.04961],[-88.90338,29.04581],[-88.90426,29.04202],[-88.90515,29.03783],[-88.90623,29.03272],[-88.90769,29.02896],[-88.91136,29.02697],[-88.91536,29.02511],[-88.91947,29.02327],[-88.9233,29.02153],[-88.92791,29.01946],[-88.93204,29.01752],[-88.93633,29.01555],[-88.94052,29.01367],[-88.94516,29.01155],[-88.9492,29.00984],[-88.95332,29.01063],[-88.95746,29.01206],[-88.96177,29.01344],[-88.96616,29.01488],[-88.97056,29.01629],[-88.97459,29.01762],[-88.97821,29.019],[-88.98106,29.0202],[-88.98383,29.02121],[-88.98606,29.0218],[-88.98802,29.02221],[-88.99023,29.02275],[-88.99271,29.02347],[-88.99528,29.02429],[-88.99792,29.02522],[-89.00096,29.02637],[-89.00377,29.02748],[-89.00659,29.02846],[-89.00974,29.02972],[-89.01272,29.03095],[-89.01624,29.03238],[-89.01883,29.03353],[-89.02144,29.03472],[-89.02414,29.03583],[-89.02643,29.03682],[-89.0289,29.03797],[-89.03113,29.03903],[-89.03332,29.03982],[-89.03538,29.04057],[-89.03736,29.04088],[-89.03891,29.04104],[-89.04023,29.04115],[-89.04154,29.04125],[-89.04261,29.04132],[-89.04362,29.04131],[-89.04404,29.04133],[-89.04421,29.04139]]}},{"type":"Feature","properties":{"mmsi":367154130,"vessel_name":"MR SEAMAN","suspicion_level":"LOW","total_score":47.5,"points_count":123},"geometry":{"type":"LineString","coordinates":[[-89.59681,28.97294],[-89.59281,28.96989],[-89.58835,28.96661],[-89.58377,28.9634],[-89.57961,28.95979],[-89.57484,28.9561],[-89.57038,28.95267],[-89.56681,28.94868],[-89.5634,28.94506],[-89.55947,28.94111],[-89.55604,28.93705],[-89.55305,28.93261],[-89.54971,28.92903],[-89.54597,28.925],[-89.54181,28.92148],[-89.53706,28.91856],[-89.53272,28.91517],[-89.52879,28.91209],[-89.52463,28.90859],[-89.521,28.90462],[-89.51633,28.90091],[-89.51223,28.89734],[-89.50827,28.89362],[-89.5036,28.88988],[-89.49966,28.88612],[-89.49563,28.88248],[-89.49089,28.8796],[-89.48568,28.87659],[-89.48081,28.87395],[-89.47601,28.87119],[-89.47101,28.86883],[-89.46574,28.8673],[-89.46019,28.86793],[-89.45489,28.86945],[-89.44943,28.87057],[-89.44395,28.87151],[-89.43822,28.87328],[-89.43311,28.87529],[-89.42761,28.87583],[-89.42207,28.87541],[-89.41597,28.87474],[-89.41027,28.8744],[-89.40422,28.8745],[-89.39855,28.87454],[-89.39305,28.87564],[-89.38597,28.87544],[-89.38033,28.87538],[-89.37473,28.87553],[-89.36934,28.87675],[-89.36371,28.87669],[-89.35754,28.87658],[-89.35191,28.87614],[-89.34626,28.8765],[-89.34058,28.87679],[-89.33493,28.87627],[-89.32922,28.87656],[-89.32359,28.87723],[-89.31809,28.87823],[-89.31245,28.87891],[-89.30677,28.87886],[-89.30005,28.87908],[-89.29442,28.87949],[-89.28879,28.87999],[-89.28329,28.88104],[-89.27515,28.88124],[-89.26981,28.88284],[-89.26437,28.88404],[-89.25885,28.88397],[-89.25357,28.88268],[-89.24821,28.88408],[-89.24774,28.88425],[-89.24235,28.88433],[-89.23523,28.88462],[-89.22967,28.88366],[-89.22305,28.88332],[-89.21755,28.8844],[-89.21223,28.88593],[-89.20677,28.88686],[-89.20065,28.88681],[-89.19494,28.88673],[-89.18939,28.88665],[-89.18324,28.88661],[-89.17762,28.88642],[-89.17205,28.88626],[-89.16659,28.8866],[-89.16127,28.88679],[-89.15635,28.88672],[-89.15101,28.88713],[-89.14559,28.88765],[-89.14136,28.8886],[-89.13825,28.88903],[-89.1348,28.88943],[-89.13143,28.88965],[-89.12653,28.88934],[-89.12057,28.88916],[-89.11506,28.88882],[-89.10967,28.88844],[-89.10407,28.88855],[-89.09865,28.88855],[-89.09323,28.88828],[-89.08768,28.88833],[-89.08211,28.88785],[-89.07617,28.88767],[-89.07048,28.88755],[-89.06519,28.88709],[-89.06301,28.88645],[-89.06255,28.88629],[-89.06307,28.88604],[-89.06322,28.88599],[-89.06317,28.88596],[-89.06322,28.88598],[-89.06319,28.88599],[-89.06319,28.886],[-89.06315,28.88599],[-89.06273,28.88607],[-89.06247,28.88598],[-89.06237,28.8858],[-89.06235,28.88565],[-89.06245,28.88551],[-89.06259,28.88534],[-89.06273,28.88523],[-89.06289,28.88513],[-89.06312,28.88492]]}},{"type":"Feature","properties":{"mmsi":367155810,"vessel_name":"OUR MOTHER","suspicion_level":"LOW","total_score":35.6,"points_count":128},"geometry":{"type":"LineString","coordinates":[[-88.6008,29.29812],[-88.60192,29.29628],[-88.60321,29.29416],[-88.60488,29.29136],[-88.60613,29.28928],[-88.60742,29.28714],[-88.60871,29.28505],[-88.61002,29.2829],[-88.61115,29.28108],[-88.65068,29.218],[-88.65214,29.21564],[-88.65346,29.21351],[-88.65489,29.21122],[-88.65617,29.2091],[-88.65743,29.20707],[-88.6587,29.20503],[-88.66039,29.20242],[-88.66166,29.20034],[-88.6635,29.19737],[-88.66493,29.19505],[-88.66628,29.19292],[-88.66752,29.19086],[-88.66911,29.18853],[-88.6713,29.18612],[-88.67303,29.18432],[-88.67505,29.1822],[-88.67679,29.18039],[-88.67886,29.17828],[-88.68062,29.17646],[-88.68143,29.17565],[-88.68319,29.17387],[-88.68526,29.17174],[-88.68737,29.16964],[-88.68918,29.16783],[-88.69096,29.166],[-88.69305,29.16393],[-88.69511,29.16185],[-88.69694,29.15996],[-88.69873,29.1581],[-88.70114,29.15635],[-88.70338,29.1548],[-88.70557,29.15328],[-88.70771,29.15238],[-88.70847,29.15395],[-88.70913,29.15623],[-88.71103,29.1559],[-88.71305,29.15517],[-88.71502,29.15451],[-88.7168,29.15387],[-88.71781,29.15338],[-88.71875,29.15313],[-88.71977,29.15285],[-88.72074,29.15258],[-88.72174,29.15223],[-88.72283,29.15185],[-88.72398,29.15143],[-88.72507,29.15104],[-88.72619,29.15064],[-88.72736,29.15025],[-88.72863,29.14978],[-88.73005,29.14923],[-88.73256,29.14829],[-88.73483,29.14754],[-88.73652,29.14697],[-88.73821,29.14644],[-88.73991,29.14589],[-88.74148,29.14537],[-88.74259,29.14503],[-88.74368,29.14474],[-88.7448,29.14442],[-88.74589,29.14412],[-88.747,29.14377],[-88.74806,29.14346],[-88.74901,29.14316],[-88.75006,29.14269],[-88.75096,29.14228],[-88.75192,29.14189],[-88.75296,29.14146],[-88.75388,29.1411],[-88.75453,29.14082],[-88.75557,29.14041],[-88.75652,29.14003],[-88.75756,29.13961],[-88.75848,29.13919],[-88.75929,29.13866],[-88.75998,29.1382],[-88.76091,29.13763],[-88.76168,29.13706],[-88.76239,29.1364],[-88.76327,29.13555],[-88.76394,29.13491],[-88.76473,29.13421],[-88.76554,29.13327],[-88.76624,29.13236],[-88.76677,29.1316],[-88.76703,29.13072],[-88.76731,29.12953],[-88.76756,29.12852],[-88.76783,29.1276],[-88.76805,29.12675],[-88.76787,29.12587],[-88.76748,29.12504],[-88.76696,29.12422],[-88.76651,29.12344],[-88.76608,29.12267],[-88.76551,29.12196],[-88.76471,29.12141],[-88.76381,29.12095],[-88.7629,29.12058],[-88.76201,29.1202],[-88.76095,29.1199],[-88.76,29.11965],[-88.7591,29.11943],[-88.75804,29.11913],[-88.75724,29.11888],[-88.75622,29.11856],[-88.75533,29.11824],[-88.75441,29.11795],[-88.75352,29.11765],[-88.75252,29.11728],[-88.75163,29.11696],[-88.75073,29.11668],[-88.74974,29.11633],[-88.74862,29.11592],[-88.74773,29.11561],[-88.74681,29.11529],[-88.74593,29.11499],[-88.74504,29.11467]]}},{"type":"Feature","properties":{"mmsi":367332840,"vessel_name":"KARLA F","suspicion_level":"MEDIUM","total_score":51.7,"points_count":150},"geometry":{"type":"LineString","coordinates":[[-89.59732,28.90894],[-89.59355,28.90807],[-89.59036,28.90732],[-89.58613,28.90634],[-89.58251,28.90549],[-89.57884,28.90461],[-89.57459,28.9036],[-89.57089,28.90272],[-89.56713,28.90181],[-89.56352,28.90081],[-89.5599,28.89971],[-89.55594,28.89825],[-89.55243,28.89693],[-89.54901,28.89565],[-89.54556,28.89431],[-89.54212,28.89298],[-89.53863,28.89161],[-89.53519,28.89037],[-89.53122,28.88897],[-89.52782,28.88778],[-89.52436,28.88658],[-89.52084,28.88548],[-89.51731,28.88445],[-89.51375,28.88347],[-89.51015,28.88266],[-89.50861,28.88235],[-89.4002,28.87928],[-89.39662,28.87959],[-89.39299,28.8799],[-89.38927,28.88022],[-89.38558,28.88051],[-89.38191,28.88082],[-89.37863,28.88108],[-89.37488,28.88141],[-89.37119,28.88173],[-89.36746,28.88205],[-89.36365,28.88237],[-89.36001,28.8827],[-89.35627,28.88306],[-89.35255,28.88341],[-89.34843,28.88383],[-89.34462,28.88423],[-89.34146,28.88466],[-89.33782,28.88522],[-89.33415,28.88579],[-89.33048,28.88636],[-89.32624,28.88702],[-89.32254,28.8876],[-89.32142,28.88777],[-89.31764,28.88835],[-89.31404,28.88892],[-89.30976,28.88964],[-89.30657,28.89031],[-89.30245,28.89118],[-89.29843,28.89203],[-89.29471,28.89284],[-89.291,28.89363],[-89.2857,28.8948],[-89.28222,28.8956],[-89.27864,28.8964],[-89.27506,28.89721],[-89.27099,28.89813],[-89.26734,28.89894],[-89.26384,28.89971],[-89.26077,28.90038],[-89.25726,28.90115],[-89.2531,28.90205],[-89.24955,28.90283],[-89.24603,28.90361],[-89.24249,28.90439],[-89.23886,28.90518],[-89.23521,28.90596],[-89.23157,28.90674],[-89.22798,28.9075],[-89.22432,28.90828],[-89.22061,28.90906],[-89.21699,28.90983],[-89.21295,28.9107],[-89.20933,28.91147],[-89.20625,28.91212],[-89.20259,28.91291],[-89.19903,28.91367],[-89.19513,28.91477],[-89.1916,28.9158],[-89.18813,28.91689],[-89.18465,28.9182],[-89.18128,28.91952],[-89.17796,28.92091],[-89.17469,28.92225],[-89.17087,28.92378],[-89.16752,28.92512],[-89.16422,28.92642],[-89.16094,28.92773],[-89.1558,28.92975],[-89.15249,28.931],[-89.14874,28.93242],[-89.14543,28.93366],[-89.14219,28.93496],[-89.13993,28.93591],[-89.13672,28.93726],[-89.1335,28.93864],[-89.13025,28.94004],[-89.12736,28.94134],[-89.12454,28.94282],[-89.12169,28.94452],[-89.11892,28.9464],[-89.11618,28.94845],[-89.11349,28.95045],[-89.11083,28.95244],[-89.10813,28.95451],[-89.10513,28.95685],[-89.10198,28.95925],[-89.09931,28.96129],[-89.09655,28.96338],[-89.09347,28.96571],[-89.09108,28.96755],[-89.08834,28.96964],[-89.08557,28.97177],[-89.08305,28.97393],[-89.08046,28.97613],[-89.07722,28.9792],[-89.07477,28.98159],[-89.07237,28.98396],[-89.07018,28.98606],[-89.06739,28.98877],[-89.06487,28.99115],[-89.06234,28.99355],[-89.05986,28.99593],[-89.05738,28.99841],[-89.05499,29.00083],[-89.05257,29.00327],[-89.05048,29.00536],[-89.04788,29.00711],[-89.04478,29.00859],[-89.04159,29.01007],[-89.03891,29.01152],[-89.03597,29.01349],[-89.03349,29.01529],[-89.03084,29.01746],[-89.02837,29.01986],[-89.02593,29.02228],[-89.02349,29.02479],[-89.02126,29.02721],[-89.01925,29.02944],[-89.01735,29.03168],[-89.01494,29.03408],[-89.01251,29.0366],[-89.01036,29.03887],[-89.00817,29.04116],[-89.00578,29.04369]]}},{"type":"Feature","properties":{"mmsi":367376530,"vessel_name":"MATTERHORN TLP","suspicion_level":"MEDIUM","total_score":50.3,"points_count":1172},"geometry":{"type":"LineString","coordinates":[[-88.82561,28.74247],[-88.82559,28.74253],[-88.82563,28.74254],[-88.82562,28.74248],[-88.82561,28.7425],[-88.82562,28.74252],[-88.82558,28.74253],[-88.82555,28.74253],[-88.82555,28.7425],[-88.82555,28.74247],[-88.82555,28.7425],[-88.82554,28.74251],[-88.82562,28.74252],[-88.8256,28.74247],[-88.82555,28.7425],[-88.82552,28.74247],[-88.82554,28.74251],[-88.82557,28.74253],[-88.82555,28.74246],[-88.82556,28.74248],[-88.82558,28.74246],[-88.82559,28.74246],[-88.82556,28.74248],[-88.82565,28.74245],[-88.8256,28.74245],[-88.82566,28.74244],[-88.8256,28.74247],[-88.82561,28.74246],[-88.82561,28.74243],[-88.82555,28.74246],[-88.82558,28.74248],[-88.82556,28.74247],[-88.82559,28.74246],[-88.8256,28.74249],[-88.82561,28.74248],[-88.82559,28.74247],[-88.82558,28.7425],[-88.82556,28.74252],[-88.82557,28.74243],[-88.82557,28.74245],[-88.82556,28.74248],[-88.82555,28.74246],[-88.82555,28.74243],[-88.82556,28.74244],[-88.82559,28.74249],[-88.82555,28.74245],[-88.82557,28.74243],[-88.82553,28.74251],[-88.82554,28.74249],[-88.82555,28.74246],[-88.82556,28.74247],[-88.82554,28.74246],[-88.82552,28.74244],[-88.82555,28.74247],[-88.82558,28.7426],[-88.82556,28.74259],[-88.82555,28.74249],[-88.82556,28.74246],[-88.82557,28.74249],[-88.82553,28.74251],[-88.82555,28.74246],[-88.82552,28.74247],[-88.82554,28.74242],[-88.82552,28.74244],[-88.82557,28.74247],[-88.82556,28.74247],[-88.82555,28.74249],[-88.82552,28.74248],[-88.82554,28.74252],[-88.82556,28.74262],[-88.82552,28.74258],[-88.82553,28.7425],[-88.82556,28.74251],[-88.82561,28.74248],[-88.82559,28.74247],[-88.82556,28.74249],[-88.82554,28.74254],[-88.82554,28.74253],[-88.82552,28.74256],[-88.82551,28.7425],[-88.82554,28.74248],[-88.82555,28.74249],[-88.82559,28.74248],[-88.82558,28.74246],[-88.82555,28.74248],[-88.82555,28.74248],[-88.82553,28.74244],[-88.82557,28.74248],[-88.82555,28.74247],[-88.82557,28.74246],[-88.82556,28.74251],[-88.82555,28.74251],[-88.82556,28.74244],[-88.82553,28.74244],[-88.82553,28.74249],[-88.82555,28.74248],[-88.82554,28.74248],[-88.82557,28.74245],[-88.82556,28.74244],[-88.82556,28.74246],[-88.8256,28.74249],[-88.82557,28.74248],[-88.82554,28.74246],[-88.82552,28.74242],[-88.82558,28.74247],[-88.82556,28.74247],[-88.82561,28.74251],[-88.82557,28.74247],[-88.82559,28.74251],[-88.82559,28.74247],[-88.82558,28.74247],[-88.82561,28.74252],[-88.82557,28.74251],[-88.82556,28.74245],[-88.82557,28.74253],[-88.82556,28.74251],[-88.82559,28.74248],[-88.82558,28.74248],[-88.82561,28.74255],[-88.82563,28.7425],[-88.82555,28.74248],[-88.82555,28.74248],[-88.82554,28.74245],[-88.82554,28.74248],[-88.82555,28.74246],[-88.82553,28.74244],[-88.82551,28.74244],[-88.82558,28.74247],[-88.82556,28.74248],[-88.82557,28.74248],[-88.8256,28.74244],[-88.82562,28.74248],[-88.82561,28.74248],[-88.8256,28.74246],[-88.8256,28.74248],[-88.82555,28.74245],[-88.82559,28.74245],[-88.82562,28.74247],[-88.82555,28.74245],[-88.82551,28.74244],[-88.82551,28.74248],[-88.82551,28.74251],[-88.82564,28.74255],[-88.82555,28.74251],[-88.82555,28.74248],[-88.82555,28.74248],[-88.82564,28.74253],[-88.82558,28.74248],[-88.82564,28.74251],[-88.82556,28.7425],[-88.82556,28.74251],[-88.8256,28.74258],[-88.82561,28.74253],[-88.82567,28.74255],[-88.82562,28.74253],[-88.82557,28.74249],[-88.82556,28.74249],[-88.82557,28.74247],[-88.82557,28.74248],[-88.82554,28.74248],[-88.82558,28.74248],[-88.82564,28.74251],[-88.82555,28.74246],[-88.82552,28.74246],[-88.82559,28.74255],[-88.82562,28.74255],[-88.82558,28.74252],[-88.82556,28.74248],[-88.8256,28.74252],[-88.8256,28.74247],[-88.82564,28.74249],[-88.82555,28.74246],[-88.82558,28.74248],[-88.82557,28.74248],[-88.82552,28.74246],[-88.82554,28.74245],[-88.82552,28.7424],[-88.82551,28.74246],[-88.82558,28.74243],[-88.82559,28.7425],[-88.82554,28.74244],[-88.82551,28.74238],[-88.82552,28.74244],[-88.8255,28.74245],[-88.82553,28.7425],[-88.8255,28.74246],[-88.82552,28.74247],[-88.82554,28.74246],[-88.82552,28.74246],[-88.82554,28.74247],[-88.82557,28.74248],[-88.82559,28.74246],[-88.82555,28.74246],[-88.82556,28.74249],[-88.8256,28.74251],[-88.82563,28.74255],[-88.82556,28.74253],[-88.82554,28.74253],[-88.82553,28.74248],[-88.8255,28.74247],[-88.8255,28.74247],[-88.82552,28.74247],[-88.8255,28.74249],[-88.82548,28.7425],[-88.82545,28.74247],[-88.82551,28.7425],[-88.82559,28.74252],[-88.82546,28.74245],[-88.82551,28.74246],[-88.82552,28.74246],[-88.82553,28.7425],[-88.82559,28.74257],[-88.82547,28.74251],[-88.8255,28.74249],[-88.82552,28.7425],[-88.82552,28.7425],[-88.82552,28.74252],[-88.82555,28.74251],[-88.8255,28.74249],[-88.82552,28.74249],[-88.82552,28.74248],[-88.82559,28.74246],[-88.82554,28.74244],[-88.82561,28.74252],[-88.82561,28.74247],[-88.82564,28.74249],[-88.82556,28.7425],[-88.82556,28.74249],[-88.82565,28.74257],[-88.82547,28.74251],[-88.82551,28.74249],[-88.82561,28.74253],[-88.82561,28.74251],[-88.82557,28.7425],[-88.82555,28.74248],[-88.82555,28.74247],[-88.82556,28.74247],[-88.82558,28.74247],[-88.82558,28.74246],[-88.82552,28.74244],[-88.82555,28.74246],[-88.82557,28.74245],[-88.82556,28.74242],[-88.82555,28.74244],[-88.82555,28.74246],[-88.82557,28.74247],[-88.82558,28.74249],[-88.82558,28.74247],[-88.82558,28.74248],[-88.82559,28.74248],[-88.82559,28.74247],[-88.82556,28.74247],[-88.82558,28.74242],[-88.82559,28.74247],[-88.8256,28.74252],[-88.82559,28.74249],[-88.82563,28.7425],[-88.82561,28.74252],[-88.82559,28.74252],[-88.82559,28.7425],[-88.8256,28.74249],[-88.82561,28.74253],[-88.82562,28.74256],[-88.82562,28.74256],[-88.82556,28.7425],[-88.82552,28.74252],[-88.82555,28.74248],[-88.8256,28.74253],[-88.82566,28.74258],[-88.82564,28.74252],[-88.82565,28.7426],[-88.82557,28.74254],[-88.82559,28.74256],[-88.8256,28.74254],[-88.82565,28.74256],[-88.82561,28.74253],[-88.82556,28.74253],[-88.82563,28.74254],[-88.82553,28.74258],[-88.82556,28.74253],[-88.82562,28.74251],[-88.82561,28.74256],[-88.82563,28.74257],[-88.82559,28.7425],[-88.82559,28.74251],[-88.82558,28.74252],[-88.82562,28.74255],[-88.82558,28.74249],[-88.82558,28.7425],[-88.82561,28.74256],[-88.82558,28.74255],[-88.82562,28.74253],[-88.82562,28.74255],[-88.82556,28.7425],[-88.82558,28.74254],[-88.8256,28.74257],[-88.8256,28.74253],[-88.82556,28.74253],[-88.82558,28.74248],[-88.82561,28.74249],[-88.82561,28.74254],[-88.82563,28.74252],[-88.82556,28.74254],[-88.82558,28.74254],[-88.82559,28.74255],[-88.82558,28.74249],[-88.82563,28.74252],[-88.8256,28.74255],[-88.82561,28.74255],[-88.82557,28.74249],[-88.82555,28.74249],[-88.82556,28.74254],[-88.82556,28.74247],[-88.82552,28.74248],[-88.82555,28.74246],[-88.82555,28.74245],[-88.82556,28.74252],[-88.82559,28.74252],[-88.82562,28.74251],[-88.8256,28.74249],[-88.82566,28.74248],[-88.82564,28.7425],[-88.82555,28.74246],[-88.82559,28.74248],[-88.82555,28.7425],[-88.82561,28.74253],[-88.82561,28.74254],[-88.82554,28.74248],[-88.8256,28.74247],[-88.82563,28.74253],[-88.82561,28.7425],[-88.82565,28.74249],[-88.82565,28.74256],[-88.82561,28.7425],[-88.82558,28.74248],[-88.82565,28.74252],[-88.82558,28.74251],[-88.8256,28.74248],[-88.82568,28.7424],[-88.82565,28.74251],[-88.8256,28.74249],[-88.8256,28.74249],[-88.82564,28.74249],[-88.82563,28.74247],[-88.82553,28.74239],[-88.82559,28.74247],[-88.82553,28.74241],[-88.82558,28.74244],[-88.8256,28.74251],[-88.82561,28.74251],[-88.82558,28.74249],[-88.82557,28.74247],[-88.82559,28.74251],[-88.82563,28.74255],[-88.82557,28.74252],[-88.82559,28.74249],[-88.82559,28.74248],[-88.82556,28.74254],[-88.82557,28.74247],[-88.82559,28.74255],[-88.82558,28.7425],[-88.82564,28.74251],[-88.82559,28.74249],[-88.82563,28.74252],[-88.82562,28.74256],[-88.82562,28.74254],[-88.82562,28.74254],[-88.82566,28.7426],[-88.82562,28.74255],[-88.82563,28.74251],[-88.82558,28.74246],[-88.82564,28.74251],[-88.82559,28.74248],[-88.82569,28.7426],[-88.82567,28.74258],[-88.82564,28.74258],[-88.82562,28.74253],[-88.82563,28.7426],[-88.8256,28.74251],[-88.82559,28.74249],[-88.82572,28.74256],[-88.82573,28.7426],[-88.8257,28.74269],[-88.8256,28.74253],[-88.82561,28.74248],[-88.82563,28.7425],[-88.82557,28.74255],[-88.82565,28.74266],[-88.82565,28.74265],[-88.82565,28.74265],[-88.82568,28.74262],[-88.82566,28.74261],[-88.82567,28.74263],[-88.82562,28.74252],[-88.82559,28.74261],[-88.82561,28.74254],[-88.82555,28.74256],[-88.82553,28.74251],[-88.82557,28.74257],[-88.8256,28.74267],[-88.82561,28.7426],[-88.82563,28.74259],[-88.82562,28.74258],[-88.82562,28.74256],[-88.8256,28.74247],[-88.82562,28.74252],[-88.82562,28.74254],[-88.82563,28.7426],[-88.82554,28.74252],[-88.82556,28.74255],[-88.82562,28.7426],[-88.8256,28.74262],[-88.82562,28.74256],[-88.82559,28.74254],[-88.82558,28.74255],[-88.82565,28.74253],[-88.82567,28.74254],[-88.82571,28.74253],[-88.8256,28.74251],[-88.82566,28.74248],[-88.82574,28.74258],[-88.82571,28.74246],[-88.82572,28.74244],[-88.8257,28.74252],[-88.8256,28.74247],[-88.82559,28.74246],[-88.82574,28.74251],[-88.82556,28.74245],[-88.82565,28.7425],[-88.82573,28.74254],[-88.82572,28.74248],[-88.82573,28.74256],[-88.82568,28.74258],[-88.82558,28.74252],[-88.82561,28.74254],[-88.8256,28.74252],[-88.82564,28.74254],[-88.82563,28.74248],[-88.82567,28.74253],[-88.82558,28.74246],[-88.82545,28.74242],[-88.82552,28.74252],[-88.82554,28.74254],[-88.82553,28.74249],[-88.82554,28.74245],[-88.82563,28.74238],[-88.82553,28.74246],[-88.82551,28.74244],[-88.82552,28.74242],[-88.8255,28.74244],[-88.82552,28.74245],[-88.82557,28.74244],[-88.82558,28.74241],[-88.82558,28.74243],[-88.82556,28.74247],[-88.82555,28.74245],[-88.82555,28.74244],[-88.82561,28.74246],[-88.8256,28.74243],[-88.82554,28.74242],[-88.82553,28.74242],[-88.82548,28.74245],[-88.82547,28.74245],[-88.82552,28.74248],[-88.82551,28.74251],[-88.82554,28.74247],[-88.82552,28.74248],[-88.82552,28.74243],[-88.82551,28.74246],[-88.82553,28.74245],[-88.82553,28.74242],[-88.82559,28.74248],[-88.82554,28.74244],[-88.82554,28.74244],[-88.82557,28.74249],[-88.82548,28.74244],[-88.82549,28.74241],[-88.8255,28.74242],[-88.82549,28.74247],[-88.82549,28.74248],[-88.82549,28.74253],[-88.82556,28.74252],[-88.82551,28.74246],[-88.82551,28.74245],[-88.8255,28.74244],[-88.8255,28.74244],[-88.82551,28.74245],[-88.82549,28.74244],[-88.82551,28.74243],[-88.82552,28.74247],[-88.82552,28.74246],[-88.82551,28.74245],[-88.82553,28.74245],[-88.82553,28.74249],[-88.82562,28.74252],[-88.82551,28.74252],[-88.82554,28.74244],[-88.82553,28.74243],[-88.82552,28.74249],[-88.8256,28.74253],[-88.82552,28.74247],[-88.82559,28.74246],[-88.8256,28.74251],[-88.82559,28.74252],[-88.8256,28.74248],[-88.82559,28.74248],[-88.82555,28.74246],[-88.82554,28.74244],[-88.82553,28.74243],[-88.82558,28.7425],[-88.82562,28.74253],[-88.82566,28.74255],[-88.82565,28.74252],[-88.82559,28.74249],[-88.82563,28.74246],[-88.82561,28.74247],[-88.82558,28.74248],[-88.82558,28.74248],[-88.82556,28.7425],[-88.82558,28.7426],[-88.8256,28.74248],[-88.82561,28.74256],[-88.82559,28.74253],[-88.82562,28.74248],[-88.8256,28.74242],[-88.8256,28.74246],[-88.82556,28.74245],[-88.82561,28.74243],[-88.82567,28.74247],[-88.82563,28.74252],[-88.8256,28.7425],[-88.82562,28.74252],[-88.82554,28.7425],[-88.82559,28.74257],[-88.8256,28.74257],[-88.82558,28.74253],[-88.8255,28.74249],[-88.82551,28.74253],[-88.82557,28.74249],[-88.82559,28.74261],[-88.82554,28.74257],[-88.82564,28.74258],[-88.82556,28.7425],[-88.82561,28.74262],[-88.82562,28.74259],[-88.82566,28.7426],[-88.82564,28.74262],[-88.82562,28.74258],[-88.82557,28.74259],[-88.8258,28.74257],[-88.82558,28.74261],[-88.82559,28.74265],[-88.8256,28.74259],[-88.82568,28.74264],[-88.82561,28.74258],[-88.8256,28.74251],[-88.82559,28.74257],[-88.82554,28.74257],[-88.82552,28.74249],[-88.8256,28.74252],[-88.82558,28.74251],[-88.82555,28.74247],[-88.82561,28.74255],[-88.82552,28.74241],[-88.82557,28.74247],[-88.82564,28.74257],[-88.82564,28.74266],[-88.82552,28.74245],[-88.8256,28.74257],[-88.82558,28.74255],[-88.82561,28.74261],[-88.82557,28.74257],[-88.82556,28.74253],[-88.82555,28.74249],[-88.82561,28.74256],[-88.82561,28.74254],[-88.8256,28.74251],[-88.82561,28.74255],[-88.82551,28.74253],[-88.82565,28.74274],[-88.82558,28.74263],[-88.82556,28.74259],[-88.8256,28.74257],[-88.82554,28.74253],[-88.82555,28.74253],[-88.8256,28.74256],[-88.82558,28.74255],[-88.8255,28.7425],[-88.82559,28.74255],[-88.82557,28.74254],[-88.82553,28.74248],[-88.82552,28.74252],[-88.8255,28.74248],[-88.82552,28.74249],[-88.82555,28.74249],[-88.82554,28.74246],[-88.82559,28.74248],[-88.82559,28.74248],[-88.82553,28.74244],[-88.82554,28.74244],[-88.82555,28.74246],[-88.82551,28.74254],[-88.82554,28.74246],[-88.82558,28.74247],[-88.82559,28.74251],[-88.82559,28.74243],[-88.82562,28.74247],[-88.82564,28.74254],[-88.82559,28.74252],[-88.82562,28.74244],[-88.82559,28.74245],[-88.82562,28.74242],[-88.8256,28.74247],[-88.82564,28.74253],[-88.82554,28.74249],[-88.82553,28.74242],[-88.82555,28.74246],[-88.82553,28.7425],[-88.82552,28.74248],[-88.82553,28.74247],[-88.8256,28.74248],[-88.82571,28.74251],[-88.82564,28.74249],[-88.82563,28.74253],[-88.82569,28.7425],[-88.82562,28.74248],[-88.82556,28.74247],[-88.82554,28.74248],[-88.82556,28.74248],[-88.82561,28.74249],[-88.82558,28.74249],[-88.82555,28.74251],[-88.82559,28.74251],[-88.8256,28.74243],[-88.82558,28.74244],[-88.82554,28.7425],[-88.82558,28.74247],[-88.82553,28.74248],[-88.82557,28.74251],[-88.82556,28.74255],[-88.82554,28.74254],[-88.82553,28.74256],[-88.82551,28.74252],[-88.82549,28.74252],[-88.82551,28.74254],[-88.82552,28.74255],[-88.82553,28.74258],[-88.82552,28.74245],[-88.82553,28.74246],[-88.82561,28.74253],[-88.82555,28.74251],[-88.82559,28.74254],[-88.82561,28.74255],[-88.82554,28.74249],[-88.82553,28.74251],[-88.82555,28.7425],[-88.82553,28.74251],[-88.82555,28.7425],[-88.82557,28.74253],[-88.82561,28.74251],[-88.82559,28.74253],[-88.82555,28.74244],[-88.82558,28.74247],[-88.82556,28.74247],[-88.82555,28.74243],[-88.82558,28.74246],[-88.82557,28.74249],[-88.82557,28.74251],[-88.8256,28.74258],[-88.82554,28.74256],[-88.82555,28.74253],[-88.82554,28.74249],[-88.82553,28.74244],[-88.82554,28.74254],[-88.82556,28.7425],[-88.82554,28.74249],[-88.82548,28.74253],[-88.82552,28.74246],[-88.82561,28.74258],[-88.82553,28.74255],[-88.8255,28.74256],[-88.82553,28.74248],[-88.82558,28.74254],[-88.82558,28.74251],[-88.82569,28.74251],[-88.82561,28.74247],[-88.82554,28.74246],[-88.82556,28.74252],[-88.82552,28.74248],[-88.82548,28.74248],[-88.82554,28.74249],[-88.82554,28.74246],[-88.82564,28.7425],[-88.8256,28.74251],[-88.82554,28.74247],[-88.82551,28.74244],[-88.82555,28.74247],[-88.82557,28.74248],[-88.82557,28.74248],[-88.82557,28.74246],[-88.82552,28.74249],[-88.82553,28.74246],[-88.82554,28.74241],[-88.82551,28.74246],[-88.82556,28.74244],[-88.82563,28.74246],[-88.82547,28.74252],[-88.82549,28.7425],[-88.82558,28.7425],[-88.82551,28.74246],[-88.82554,28.74245],[-88.82553,28.74247],[-88.82555,28.74246],[-88.82555,28.74246],[-88.82553,28.74246],[-88.82558,28.7425],[-88.82556,28.74248],[-88.82544,28.74243],[-88.82555,28.74247],[-88.82554,28.74248],[-88.82554,28.74245],[-88.82548,28.74245],[-88.82557,28.74246],[-88.82563,28.74249],[-88.82556,28.74247],[-88.82555,28.74248],[-88.82556,28.74246],[-88.82555,28.74248],[-88.82554,28.74248],[-88.82556,28.74246],[-88.82555,28.74246],[-88.82555,28.74247],[-88.82558,28.74244],[-88.8256,28.74246],[-88.82565,28.74252],[-88.82561,28.7425],[-88.8256,28.74249],[-88.82562,28.74243],[-88.82559,28.74248],[-88.82557,28.74246],[-88.82565,28.74247],[-88.82557,28.7425],[-88.82556,28.74247],[-88.8256,28.74252],[-88.82561,28.7425],[-88.82561,28.74254],[-88.82557,28.74253],[-88.82559,28.74252],[-88.82556,28.74246],[-88.82559,28.74245],[-88.82564,28.74247],[-88.82555,28.74252],[-88.82547,28.74256],[-88.82557,28.74255],[-88.82557,28.7425],[-88.82558,28.74251],[-88.82564,28.74255],[-88.82558,28.74253],[-88.82561,28.74249],[-88.82562,28.74244],[-88.82552,28.7425],[-88.82562,28.74253],[-88.82555,28.7425],[-88.82558,28.74251],[-88.8256,28.74251],[-88.82559,28.74244],[-88.82555,28.74244],[-88.82567,28.74246],[-88.82566,28.74252],[-88.82568,28.74252],[-88.82566,28.74243],[-88.82562,28.74253],[-88.82559,28.74246],[-88.8256,28.74243],[-88.82579,28.74243],[-88.82575,28.74241],[-88.82573,28.74244],[-88.8257,28.74245],[-88.82569,28.74251],[-88.8256,28.74251],[-88.82563,28.74253],[-88.82567,28.74254],[-88.82564,28.74255],[-88.82561,28.74253],[-88.82563,28.74249],[-88.82555,28.74246],[-88.82562,28.74248],[-88.82554,28.74248],[-88.82563,28.74252],[-88.82558,28.74248],[-88.82557,28.74248],[-88.82561,28.74249],[-88.82554,28.74246],[-88.82555,28.74248],[-88.82552,28.74246],[-88.82555,28.74244],[-88.82552,28.74247],[-88.82553,28.7425],[-88.82556,28.74255],[-88.82556,28.74248],[-88.82557,28.74249],[-88.82557,28.74247],[-88.82553,28.74244],[-88.82555,28.74243],[-88.82557,28.74252],[-88.8256,28.74258],[-88.82562,28.74254],[-88.82554,28.74249],[-88.82566,28.74251],[-88.82559,28.74247],[-88.82556,28.74249],[-88.82557,28.74248],[-88.82558,28.7425],[-88.82561,28.74252],[-88.8256,28.74255],[-88.82568,28.74255],[-88.82559,28.74251],[-88.82564,28.74258],[-88.82558,28.74253],[-88.82557,28.74254],[-88.82561,28.74256],[-88.82558,28.74254],[-88.82556,28.74255],[-88.8256,28.74253],[-88.82559,28.74247],[-88.82556,28.7425],[-88.82554,28.74248],[-88.82556,28.74252],[-88.82561,28.74255],[-88.82552,28.74252],[-88.82553,28.74255],[-88.82551,28.7425],[-88.82557,28.74252],[-88.82561,28.74252],[-88.82555,28.7425],[-88.82557,28.74251],[-88.82558,28.74254],[-88.82563,28.7426],[-88.82561,28.74257],[-88.82556,28.74253],[-88.82551,28.74248],[-88.82559,28.7425],[-88.82555,28.74251],[-88.82555,28.74251],[-88.82562,28.74247],[-88.82559,28.74249],[-88.82564,28.74246],[-88.82561,28.74252],[-88.82561,28.74266],[-88.82567,28.74254],[-88.82576,28.74232],[-88.82568,28.74231],[-88.82569,28.74235],[-88.82559,28.74252],[-88.82557,28.74249],[-88.82559,28.74254],[-88.8256,28.74255],[-88.82553,28.7425],[-88.82551,28.74245],[-88.82555,28.74248],[-88.82557,28.74253],[-88.82553,28.74249],[-88.82552,28.74248],[-88.82554,28.74251],[-88.82551,28.7425],[-88.82553,28.74248],[-88.82564,28.74248],[-88.82552,28.74246],[-88.82549,28.74246],[-88.82556,28.74248],[-88.82563,28.74246],[-88.82555,28.74244],[-88.82554,28.74246],[-88.82557,28.74242],[-88.82558,28.74247],[-88.82549,28.74244],[-88.82552,28.74252],[-88.82554,28.74252],[-88.82554,28.74248],[-88.82554,28.7425],[-88.82555,28.7425],[-88.82551,28.74252],[-88.82554,28.74251],[-88.82555,28.74255],[-88.82561,28.74256],[-88.82557,28.74249],[-88.82559,28.74254],[-88.82557,28.74253],[-88.82562,28.74258],[-88.82558,28.74254],[-88.82558,28.74252],[-88.82559,28.74254],[-88.82563,28.74252],[-88.82558,28.74253],[-88.82559,28.74255],[-88.82559,28.74251],[-88.82558,28.74251],[-88.82557,28.74252],[-88.82554,28.74249],[-88.82551,28.74247],[-88.82552,28.74251],[-88.82552,28.74248],[-88.82552,28.74247],[-88.8255,28.7425],[-88.8255,28.74252],[-88.82553,28.74251],[-88.82555,28.7425],[-88.82555,28.74252],[-88.82554,28.7425],[-88.82556,28.7425],[-88.82556,28.74249],[-88.82557,28.74253],[-88.82556,28.74254],[-88.82552,28.74249],[-88.82551,28.74246],[-88.82549,28.74245],[-88.82551,28.74248],[-88.82551,28.74251],[-88.82551,28.74253],[-88.82556,28.74255],[-88.82554,28.74248],[-88.82553,28.74249],[-88.82554,28.7425],[-88.82559,28.74253],[-88.82551,28.74252],[-88.82553,28.74248],[-88.82558,28.74251],[-88.82552,28.74249],[-88.82555,28.74245],[-88.82553,28.74241],[-88.82555,28.74246],[-88.82556,28.74246],[-88.82553,28.74246],[-88.82556,28.74248],[-88.8255,28.74251],[-88.82552,28.74254],[-88.82559,28.74249],[-88.82555,28.74254],[-88.82562,28.74255],[-88.8256,28.74252],[-88.82558,28.74249],[-88.82555,28.74248],[-88.82564,28.74252],[-88.82562,28.74255],[-88.82562,28.74258],[-88.82556,28.74255],[-88.82556,28.7425],[-88.82561,28.74256],[-88.82556,28.74258],[-88.82558,28.74251],[-88.82559,28.74255],[-88.8257,28.74255],[-88.82569,28.74251],[-88.82559,28.74251],[-88.82553,28.74255],[-88.82558,28.74255],[-88.82563,28.74255],[-88.82565,28.74252],[-88.82563,28.74253],[-88.82559,28.74257],[-88.82556,28.74255],[-88.82556,28.74258],[-88.82549,28.74266],[-88.82554,28.74267],[-88.82559,28.74263],[-88.82559,28.74266],[-88.82568,28.74266],[-88.82557,28.74264],[-88.82555,28.74254],[-88.82546,28.74258],[-88.82555,28.74256],[-88.82557,28.74261],[-88.82554,28.74265],[-88.8255,28.74272],[-88.82557,28.74276],[-88.82549,28.74258],[-88.82551,28.74257],[-88.82549,28.74256],[-88.82552,28.74258],[-88.82559,28.74263],[-88.8256,28.74252],[-88.82559,28.74252],[-88.82556,28.74255],[-88.82554,28.74258],[-88.82554,28.74248],[-88.82556,28.7425],[-88.82555,28.74264],[-88.82558,28.74266],[-88.82555,28.74254],[-88.82551,28.74259],[-88.8255,28.74265],[-88.82549,28.74262],[-88.82549,28.74257],[-88.82548,28.74259],[-88.82554,28.74255],[-88.82557,28.7426],[-88.82544,28.74255],[-88.82554,28.74251],[-88.82554,28.74259],[-88.8255,28.74259],[-88.82555,28.74251],[-88.82552,28.74251],[-88.82555,28.74255],[-88.82562,28.7425],[-88.82568,28.74255],[-88.82556,28.74252],[-88.82558,28.74254],[-88.82563,28.74254],[-88.82566,28.74255],[-88.82567,28.74246],[-88.82554,28.7425],[-88.82559,28.74251],[-88.82561,28.74253],[-88.82555,28.74252],[-88.82563,28.74248],[-88.82569,28.74244],[-88.82567,28.74253],[-88.82566,28.74253],[-88.82563,28.7425],[-88.82569,28.7425],[-88.82565,28.7425],[-88.82563,28.74245],[-88.82564,28.74246],[-88.82567,28.74247],[-88.82565,28.74247],[-88.82556,28.74244],[-88.8256,28.74243],[-88.82554,28.74245],[-88.82564,28.74246],[-88.82564,28.74252],[-88.8257,28.74245],[-88.82566,28.74244],[-88.82561,28.74246],[-88.82555,28.74246],[-88.82555,28.74252],[-88.82554,28.74251],[-88.82549,28.74251],[-88.82551,28.74245],[-88.82555,28.74244],[-88.82554,28.7425],[-88.82551,28.74249],[-88.82555,28.74251],[-88.82553,28.74249],[-88.82557,28.74246],[-88.82558,28.74243],[-88.82554,28.74246],[-88.82551,28.74246],[-88.8255,28.74248],[-88.82549,28.74242],[-88.82553,28.7425],[-88.82552,28.74258],[-88.82553,28.74252],[-88.82555,28.74246],[-88.82561,28.74247],[-88.82567,28.74248],[-88.82561,28.74245],[-88.82558,28.74245],[-88.8256,28.74246],[-88.82556,28.74248],[-88.82544,28.74256],[-88.82557,28.74254],[-88.8256,28.74246],[-88.82558,28.74247],[-88.82563,28.74249],[-88.82561,28.74253],[-88.8256,28.74241],[-88.82568,28.74246],[-88.82567,28.7424],[-88.82573,28.74239],[-88.8257,28.74249],[-88.82567,28.74239],[-88.82567,28.74242],[-88.82579,28.74246],[-88.82561,28.74248],[-88.82551,28.74238],[-88.82554,28.74251],[-88.82551,28.74252],[-88.82555,28.74255],[-88.82555,28.74247],[-88.82554,28.74249],[-88.82558,28.74243],[-88.82558,28.74248],[-88.82551,28.74258],[-88.82551,28.74251],[-88.8255,28.74252],[-88.82551,28.74248],[-88.82552,28.74252],[-88.82551,28.74253],[-88.8255,28.74255],[-88.82551,28.7425],[-88.82553,28.74246],[-88.82553,28.74251],[-88.82556,28.74258],[-88.8256,28.74255],[-88.82554,28.74255],[-88.82552,28.74259],[-88.82557,28.74266],[-88.82555,28.74261],[-88.82559,28.74258],[-88.82558,28.74248],[-88.82555,28.74253],[-88.8256,28.74258],[-88.82555,28.74252],[-88.82551,28.74253],[-88.82551,28.74256],[-88.82556,28.7426],[-88.82555,28.74259],[-88.82546,28.74246],[-88.82552,28.74253],[-88.82553,28.74255],[-88.82557,28.74254],[-88.82552,28.74249],[-88.82545,28.74248],[-88.82555,28.74253],[-88.82554,28.74257],[-88.82552,28.74255],[-88.82559,28.74257],[-88.82557,28.7425],[-88.82564,28.74256],[-88.82563,28.74258],[-88.8256,28.74255],[-88.82559,28.74253],[-88.82565,28.74258],[-88.82568,28.74255],[-88.82563,28.74251],[-88.82557,28.74247],[-88.82554,28.74251],[-88.8255,28.74245],[-88.82563,28.74257],[-88.82551,28.74255],[-88.82555,28.74256],[-88.82554,28.74253],[-88.82555,28.74252],[-88.82555,28.74247],[-88.82563,28.74249],[-88.8257,28.74251],[-88.82567,28.74252],[-88.82567,28.74255],[-88.82561,28.74254],[-88.82558,28.74251],[-88.82563,28.74252],[-88.82562,28.74255],[-88.82567,28.74255],[-88.82562,28.74252],[-88.82553,28.74251],[-88.82554,28.74254],[-88.82565,28.74262],[-88.82569,28.74255],[-88.82559,28.74248],[-88.82563,28.74248],[-88.82565,28.7425],[-88.82561,28.74251],[-88.82566,28.74252],[-88.82562,28.74253],[-88.8256,28.74251],[-88.82564,28.7425],[-88.82569,28.74246],[-88.82564,28.74247],[-88.82556,28.7425],[-88.82558,28.74246],[-88.82556,28.74248],[-88.82568,28.74258],[-88.82564,28.74258],[-88.82559,28.74252],[-88.82561,28.7425],[-88.82566,28.74253],[-88.82564,28.74247],[-88.82555,28.74246],[-88.82555,28.7425],[-88.82556,28.74255],[-88.82554,28.74252],[-88.82558,28.7425]]}},{"type":"Feature","properties":{"mmsi":367558730,"vessel_name":"BRETON ISLAND","suspicion_level":"LOW","total_score":39.9,"points_count":647},"geometry":{"type":"LineString","coordinates":[[-89.357,29.25865],[-89.35702,29.25863],[-89.35703,29.25862],[-89.35705,29.25863],[-89.35702,29.25862],[-89.35702,29.2586],[-89.35703,29.25862],[-89.35707,29.25867],[-89.35708,29.25863],[-89.35707,29.25863],[-89.35707,29.25863],[-89.35707,29.2586],[-89.35705,29.2586],[-89.35705,29.25863],[-89.35707,29.2586],[-89.35703,29.25858],[-89.35703,29.25863],[-89.35703,29.25867],[-89.35707,29.25865],[-89.35707,29.25863],[-89.35705,29.25863],[-89.35705,29.25862],[-89.35703,29.25865],[-89.35703,29.25858],[-89.35705,29.2586],[-89.35705,29.2586],[-89.35705,29.25862],[-89.35705,29.25863],[-89.35705,29.25863],[-89.35705,29.25863],[-89.357,29.25863],[-89.3556,29.25778],[-89.354,29.25648],[-89.35395,29.25665],[-89.35383,29.25665],[-89.35177,29.2585],[-89.35103,29.26083],[-89.35087,29.2635],[-89.3508,29.26642],[-89.35063,29.26955],[-89.3483,29.27163],[-89.34342,29.2684],[-89.33797,29.26478],[-89.33248,29.26115],[-89.32703,29.25748],[-89.32168,29.2536],[-89.31722,29.24917],[-89.3128,29.24458],[-89.30872,29.24045],[-89.30432,29.23582],[-89.3002,29.23105],[-89.29617,29.22632],[-89.29215,29.22138],[-89.2881,29.21663],[-89.2841,29.21238],[-89.28097,29.20875],[-89.27808,29.20502],[-89.27492,29.20085],[-89.2723,29.19557],[-89.26943,29.19035],[-89.26692,29.18508],[-89.26427,29.18013],[-89.2622,29.17472],[-89.26,29.16908],[-89.25798,29.16357],[-89.2557,29.1587],[-89.25502,29.15483],[-89.25492,29.14932],[-89.25587,29.14385],[-89.2574,29.13835],[-89.25945,29.13292],[-89.26165,29.12722],[-89.26407,29.12152],[-89.26697,29.11525],[-89.27023,29.10928],[-89.27328,29.10365],[-89.27602,29.09807],[-89.27892,29.09247],[-89.28248,29.08722],[-89.28633,29.08203],[-89.29008,29.0784],[-89.29468,29.07385],[-89.2995,29.06948],[-89.30433,29.06497],[-89.30865,29.06013],[-89.3121,29.05537],[-89.315,29.05005],[-89.31853,29.04468],[-89.32247,29.03965],[-89.32688,29.03495],[-89.3316,29.03025],[-89.3358,29.02545],[-89.33803,29.02272],[-89.33987,29.0205],[-89.34168,29.0184],[-89.34353,29.0161],[-89.34538,29.01375],[-89.34732,29.01138],[-89.35113,29.00647],[-89.35522,29.0017],[-89.35945,28.99705],[-89.36213,28.99398],[-89.36477,28.99113],[-89.36697,28.98862],[-89.36972,28.98502],[-89.3738,28.98023],[-89.37798,28.97533],[-89.38177,28.971],[-89.3859,28.9663],[-89.39023,28.96158],[-89.39398,28.95658],[-89.39777,28.95143],[-89.4013,28.94635],[-89.40483,28.94112],[-89.40823,28.93618],[-89.41005,28.9337],[-89.41212,28.93072],[-89.41623,28.92563],[-89.41993,28.92067],[-89.42378,28.91525],[-89.42737,28.91037],[-89.43073,28.9056],[-89.4313,28.90013],[-89.43103,28.89462],[-89.43073,28.8891],[-89.42985,28.88433],[-89.42517,28.88173],[-89.41982,28.87958],[-89.4141,28.87758],[-89.40857,28.87537],[-89.40402,28.87248],[-89.39865,28.87035],[-89.39307,28.8683],[-89.38747,28.86633],[-89.38223,28.86372],[-89.37727,28.86172],[-89.37175,28.85977],[-89.36573,28.85733],[-89.36022,28.85512],[-89.35487,28.85262],[-89.3493,28.84945],[-89.34423,28.84667],[-89.33918,28.84395],[-89.33127,28.84017],[-89.32648,28.8378],[-89.32447,28.83792],[-89.32828,28.83683],[-89.3298,28.8349],[-89.33117,28.8321],[-89.333,28.82908],[-89.33492,28.82598],[-89.33585,28.8229],[-89.33483,28.82387],[-89.33527,28.8269],[-89.33367,28.82968],[-89.33217,28.83247],[-89.33017,28.83472],[-89.32943,28.83695],[-89.32888,28.83898],[-89.32772,28.8413],[-89.32667,28.84372],[-89.32543,28.8461],[-89.32388,28.84957],[-89.3224,28.85263],[-89.32053,28.8564],[-89.3189,28.85967],[-89.31698,28.8626],[-89.31462,28.86525],[-89.31468,28.86827],[-89.31523,28.87147],[-89.31405,28.8746],[-89.31383,28.87795],[-89.31277,28.88102],[-89.30918,28.88237],[-89.30843,28.88557],[-89.30747,28.88885],[-89.30422,28.89047],[-89.30063,28.89183],[-89.29735,28.89368],[-89.29365,28.89467],[-89.28873,28.89667],[-89.28492,28.89852],[-89.2863,28.90207],[-89.28572,28.90568],[-89.28252,28.90812],[-89.27932,28.9095],[-89.2763,28.91072],[-89.27265,28.90967],[-89.26932,28.90798],[-89.26612,28.90627],[-89.26843,28.90353],[-89.26908,28.90285],[-89.2723,28.8999],[-89.27537,28.89717],[-89.2788,28.8948],[-89.28195,28.89192],[-89.28618,28.88918],[-89.29062,28.88625],[-89.29497,28.88312],[-89.29835,28.87943],[-89.3013,28.8758],[-89.30472,28.87225],[-89.30867,28.86923],[-89.3122,28.86575],[-89.3162,28.86305],[-89.32043,28.86058],[-89.3245,28.85827],[-89.32668,28.85487],[-89.32853,28.8513],[-89.33108,28.84802],[-89.3329,28.8446],[-89.33538,28.8417],[-89.33552,28.83813],[-89.33815,28.83525],[-89.34,28.8323],[-89.34008,28.83162],[-89.33992,28.83108],[-89.34075,28.83082],[-89.34188,28.83055],[-89.34242,28.8303],[-89.34297,28.83005],[-89.34313,28.82985],[-89.34347,28.82967],[-89.3439,28.82953],[-89.34405,28.82933],[-89.34447,28.82912],[-89.345,28.82878],[-89.34523,28.82852],[-89.34497,28.82802],[-89.34533,28.82777],[-89.34597,28.82762],[-89.34657,28.82765],[-89.34703,28.82755],[-89.34732,28.82735],[-89.34737,28.82703],[-89.34712,28.82655],[-89.34715,28.8261],[-89.34745,28.82568],[-89.3477,28.82542],[-89.34807,28.8252],[-89.34843,28.82495],[-89.34872,28.82453],[-89.34923,28.82428],[-89.34958,28.82402],[-89.3497,28.8237],[-89.35068,28.82342],[-89.35213,28.82277],[-89.35397,28.82315],[-89.35513,28.82368],[-89.35597,28.82358],[-89.35665,28.82357],[-89.35725,28.82345],[-89.35782,28.82335],[-89.35832,28.82323],[-89.35865,28.82302],[-89.35893,28.82278],[-89.35947,28.82258],[-89.3611,28.82297],[-89.36247,28.82203],[-89.36075,28.82035],[-89.35893,28.81865],[-89.35895,28.81713],[-89.35985,28.81607],[-89.3607,28.81532],[-89.36138,28.81453],[-89.36195,28.8139],[-89.36302,28.81305],[-89.36508,28.81215],[-89.36612,28.81087],[-89.36677,28.81002],[-89.36747,28.80923],[-89.36805,28.80848],[-89.36858,28.80778],[-89.36913,28.80712],[-89.36973,28.80632],[-89.37022,28.80543],[-89.3706,28.80457],[-89.37135,28.80358],[-89.37213,28.80237],[-89.37455,28.8016],[-89.37672,28.80125],[-89.37747,28.80053],[-89.37802,28.79995],[-89.37897,28.79898],[-89.3807,28.79757],[-89.38273,28.79608],[-89.38458,28.7947],[-89.3868,28.79337],[-89.38805,28.79295],[-89.38825,28.79315],[-89.38827,28.79323],[-89.38838,28.79325],[-89.38815,28.79318],[-89.38722,28.79283],[-89.38613,28.79243],[-89.38513,28.7926],[-89.38595,28.79342],[-89.38723,28.79428],[-89.38663,28.79457],[-89.38625,28.79432],[-89.38612,28.79418],[-89.38605,28.79405],[-89.386,28.79378],[-89.3858,28.79355],[-89.38567,28.79335],[-89.38567,28.79308],[-89.38573,28.79278],[-89.386,28.79327],[-89.38793,28.79272],[-89.38917,28.79218],[-89.39015,28.79187],[-89.39123,28.7915],[-89.39222,28.79112],[-89.39332,28.79055],[-89.39412,28.79003],[-89.39503,28.7896],[-89.3962,28.7893],[-89.39718,28.78893],[-89.39837,28.7884],[-89.39935,28.78793],[-89.40038,28.7875],[-89.40138,28.78707],[-89.40252,28.78662],[-89.40317,28.78765],[-89.40002,28.78972],[-89.39495,28.79287],[-89.39085,28.7958],[-89.38628,28.7981],[-89.38075,28.79982],[-89.37502,28.80203],[-89.37003,28.80453],[-89.36512,28.80725],[-89.36035,28.81017],[-89.35545,28.81263],[-89.35003,28.81475],[-89.34477,28.81762],[-89.34002,28.82018],[-89.33522,28.82335],[-89.33008,28.82663],[-89.32548,28.8292],[-89.32055,28.83165],[-89.31545,28.83413],[-89.3105,28.83688],[-89.3056,28.83975],[-89.30115,28.84265],[-89.29637,28.84532],[-89.29208,28.84845],[-89.28792,28.85132],[-89.28278,28.85383],[-89.2785,28.85582],[-89.27745,28.85655],[-89.2735,28.85928],[-89.27175,28.86008],[-89.2674,28.86248],[-89.26165,28.86465],[-89.2572,28.8674],[-89.25252,28.86972],[-89.24763,28.87175],[-89.24242,28.87322],[-89.23742,28.87535],[-89.23235,28.87795],[-89.22723,28.87988],[-89.22263,28.88245],[-89.21642,28.88525],[-89.21118,28.88783],[-89.20643,28.89008],[-89.20147,28.89185],[-89.19613,28.89413],[-89.19053,28.89655],[-89.18475,28.89912],[-89.17948,28.90125],[-89.17448,28.90353],[-89.17023,28.90658],[-89.16477,28.9101],[-89.15998,28.91307],[-89.15452,28.91575],[-89.14985,28.91802],[-89.1451,28.9206],[-89.14082,28.92312],[-89.1359,28.92567],[-89.13097,28.9281],[-89.12638,28.93045],[-89.12148,28.93237],[-89.11685,28.93493],[-89.11127,28.9377],[-89.10685,28.94028],[-89.1026,28.94307],[-89.09698,28.94613],[-89.09185,28.94822],[-89.08732,28.95085],[-89.08577,28.95352],[-89.08453,28.95628],[-89.0823,28.95823],[-89.07948,28.95997],[-89.07688,28.96295],[-89.0747,28.96545],[-89.0731,28.96828],[-89.07167,28.97105],[-89.07023,28.97367],[-89.06983,28.97672],[-89.06947,28.97983],[-89.06838,28.98297],[-89.0674,28.98615],[-89.067,28.98878],[-89.06692,28.98888],[-89.06855,28.99297],[-89.07,28.99738],[-89.07202,29.00148],[-89.07212,29.00165],[-89.07363,29.00407],[-89.07452,29.00638],[-89.07507,29.0065],[-89.0754,29.0061],[-89.07575,29.0057],[-89.07608,29.00537],[-89.07638,29.005],[-89.0766,29.00468],[-89.07668,29.00435],[-89.07688,29.00402],[-89.07712,29.00375],[-89.07742,29.00348],[-89.07772,29.0032],[-89.07812,29.003],[-89.07697,29.00267],[-89.0731,28.99757],[-89.06947,28.99233],[-89.06813,28.9871],[-89.06885,28.98178],[-89.06998,28.9763],[-89.07098,28.9706],[-89.07263,28.96527],[-89.07565,28.95982],[-89.07942,28.95522],[-89.08678,28.94692],[-89.08907,28.9414],[-89.09202,28.93648],[-89.09492,28.9317],[-89.0964,28.92617],[-89.098,28.9209],[-89.10082,28.91625],[-89.1046,28.91143],[-89.1089,28.90588],[-89.11088,28.90082],[-89.1143,28.89607],[-89.11605,28.89075],[-89.11987,28.88583],[-89.1248,28.88222],[-89.12972,28.8789],[-89.13547,28.87525],[-89.14062,28.87232],[-89.14483,28.86775],[-89.14702,28.86488],[-89.14828,28.86097],[-89.14688,28.86108],[-89.14675,28.86395],[-89.1441,28.86852],[-89.1413,28.87307],[-89.13792,28.8767],[-89.13495,28.88098],[-89.13253,28.88538],[-89.1302,28.89007],[-89.12742,28.89582],[-89.12515,28.90055],[-89.1214,28.9082],[-89.11942,28.9129],[-89.11735,28.91708],[-89.11517,28.9218],[-89.11292,28.92653],[-89.11072,28.93118],[-89.10853,28.93593],[-89.1063,28.94065],[-89.10402,28.94542],[-89.10167,28.95003],[-89.09935,28.95475],[-89.09702,28.95945],[-89.0947,28.96403],[-89.09225,28.96903],[-89.0906,28.97402],[-89.08923,28.97897],[-89.08767,28.98395],[-89.08618,28.98903],[-89.08488,28.99385],[-89.08398,28.997],[-89.08213,28.99787],[-89.07825,28.99768],[-89.07617,29.00217],[-89.0786,29.00542],[-89.08448,29.00687],[-89.08918,29.00603],[-89.08712,29.00132],[-89.08678,28.99608],[-89.08138,28.99242],[-89.07688,28.98907],[-89.0743,28.98455],[-89.07288,28.97973],[-89.076,28.97495],[-89.0795,28.97473],[-89.07882,28.97307],[-89.0782,28.9719],[-89.07733,28.97128],[-89.0773,28.97065],[-89.07755,28.97015],[-89.07785,28.96968],[-89.07782,28.96907],[-89.0779,28.96855],[-89.07828,28.96805],[-89.07892,28.96747],[-89.07947,28.96703],[-89.08003,28.96658],[-89.08043,28.9662],[-89.08097,28.96582],[-89.08143,28.9655],[-89.0821,28.9651],[-89.0826,28.96477],[-89.08323,28.96432],[-89.0837,28.96395],[-89.08413,28.9636],[-89.09348,28.94892],[-89.09337,28.94818],[-89.09325,28.94738],[-89.09403,28.94648],[-89.09515,28.94583],[-89.09603,28.94483],[-89.09622,28.94368],[-89.09587,28.94283],[-89.09538,28.9425],[-89.09533,28.94272],[-89.09622,28.94297],[-89.0972,28.943],[-89.09795,28.94305],[-89.09888,28.94242],[-89.09925,28.94137],[-89.09925,28.94017],[-89.09927,28.93915],[-89.0989,28.93832],[-89.09882,28.9373],[-89.09918,28.93617],[-89.0999,28.93475],[-89.10055,28.93357],[-89.10125,28.93238],[-89.10175,28.93157],[-89.10223,28.93083],[-89.10265,28.9301],[-89.10307,28.92947],[-89.10352,28.92868],[-89.10393,28.9279],[-89.10452,28.92683],[-89.1049,28.9261],[-89.10532,28.92533],[-89.10583,28.92455],[-89.10625,28.92387],[-89.1066,28.92312],[-89.10698,28.92243],[-89.10738,28.92178],[-89.1076,28.92112],[-89.10782,28.92038],[-89.10822,28.91987],[-89.1086,28.91927],[-89.10893,28.91858],[-89.1093,28.91793],[-89.10947,28.91723],[-89.1099,28.91642],[-89.11018,28.91538],[-89.11055,28.91462],[-89.1108,28.91388],[-89.111,28.91318],[-89.11133,28.9124],[-89.11175,28.91123],[-89.11217,28.91018],[-89.1127,28.90933],[-89.11317,28.90873],[-89.11363,28.908],[-89.11403,28.90742],[-89.1145,28.90675],[-89.11487,28.90623],[-89.11528,28.90575],[-89.11555,28.90533],[-89.11588,28.9048],[-89.11615,28.90435],[-89.11648,28.90392],[-89.11677,28.90327],[-89.11702,28.9028],[-89.11747,28.90223],[-89.11802,28.90157],[-89.11847,28.90088],[-89.11875,28.90028],[-89.1191,28.89965],[-89.11997,28.89825],[-89.12043,28.89758],[-89.12075,28.89697],[-89.1212,28.89628],[-89.1217,28.89575],[-89.12212,28.89525],[-89.1228,28.89467],[-89.12342,28.89413],[-89.12383,28.89357],[-89.12428,28.8931],[-89.1248,28.89273],[-89.12518,28.89222],[-89.12568,28.89157],[-89.1262,28.8911],[-89.12663,28.89065],[-89.12717,28.8902],[-89.12763,28.88967],[-89.12812,28.88905],[-89.12873,28.88857],[-89.12925,28.88807],[-89.12998,28.8876],[-89.13048,28.88715],[-89.13083,28.88657],[-89.13133,28.88598],[-89.1317,28.88555],[-89.13212,28.8851],[-89.13263,28.88447],[-89.13303,28.88405],[-89.13357,28.88368],[-89.13403,28.88318],[-89.13458,28.88255],[-89.1352,28.8819],[-89.13565,28.88138],[-89.13605,28.88097],[-89.13653,28.8804],[-89.13733,28.87963],[-89.138,28.87903],[-89.13885,28.87852],[-89.13967,28.87788],[-89.14032,28.87713],[-89.14082,28.87647],[-89.14105,28.87582],[-89.14137,28.87502],[-89.14172,28.87422],[-89.1419,28.87322],[-89.1421,28.8724],[-89.1422,28.87165],[-89.14267,28.87115],[-89.1429,28.8707],[-89.143,28.87027],[-89.14317,28.8697],[-89.14338,28.8693],[-89.1436,28.86875],[-89.14375,28.86813],[-89.14413,28.86752],[-89.14463,28.86682],[-89.145,28.86622],[-89.14535,28.86577],[-89.14577,28.86522],[-89.14622,28.86468]]}},{"type":"Feature","properties":{"mmsi":367594140,"vessel_name":"NGUYEN T J","suspicion_level":"LOW","total_score":42.7,"points_count":814},"geometry":{"type":"LineString","coordinates":[[-88.93176,29.25946],[-88.93076,29.25946],[-88.93007,29.25953],[-88.92911,29.25965],[-88.92849,29.25971],[-88.92755,29.25991],[-88.92664,29.26008],[-88.92537,29.26035],[-88.92492,29.26063],[-88.92452,29.26102],[-88.92413,29.2617],[-88.92403,29.2622],[-88.92415,29.26297],[-88.9247,29.26365],[-88.92549,29.26406],[-88.92604,29.26436],[-88.92673,29.26482],[-88.92741,29.26536],[-88.92805,29.2656],[-88.92914,29.26575],[-88.93073,29.26561],[-88.93152,29.26541],[-88.93271,29.26497],[-88.9338,29.26435],[-88.93478,29.26371],[-88.9355,29.26327],[-88.93653,29.26261],[-88.93726,29.26218],[-88.93829,29.26154],[-88.93899,29.26105],[-88.93999,29.26033],[-88.94072,29.25994],[-88.94185,29.25954],[-88.94265,29.25937],[-88.94376,29.25931],[-88.94486,29.25926],[-88.94563,29.25913],[-88.94676,29.25888],[-88.94786,29.25875],[-88.94895,29.25879],[-88.94998,29.25888],[-88.95114,29.25885],[-88.95221,29.25874],[-88.95338,29.2586],[-88.95451,29.25849],[-88.95552,29.25843],[-88.95668,29.25842],[-88.9574,29.25851],[-88.9584,29.25878],[-88.95932,29.25912],[-88.9602,29.25953],[-88.96114,29.25979],[-88.96181,29.25992],[-88.96268,29.26029],[-88.96348,29.26067],[-88.96402,29.26094],[-88.96469,29.26146],[-88.96517,29.26178],[-88.96573,29.26209],[-88.9665,29.26251],[-88.96719,29.26303],[-88.96783,29.26356],[-88.96823,29.26394],[-88.96873,29.26452],[-88.96998,29.2649],[-88.971,29.26513],[-88.97198,29.2654],[-88.97294,29.26573],[-88.97391,29.26609],[-88.97486,29.26647],[-88.97585,29.26678],[-88.97689,29.267],[-88.97793,29.26724],[-88.97894,29.26745],[-88.97998,29.26771],[-88.98102,29.26797],[-88.98203,29.2682],[-88.98311,29.26845],[-88.98412,29.26869],[-88.98515,29.26899],[-88.98652,29.26931],[-88.98757,29.26954],[-88.98858,29.26974],[-88.98923,29.26992],[-88.9902,29.27018],[-88.99147,29.27046],[-88.99178,29.27059],[-88.99257,29.27106],[-88.99329,29.27157],[-88.99373,29.27194],[-88.99433,29.27248],[-88.99465,29.2729],[-88.99491,29.27362],[-88.9949,29.27413],[-88.9946,29.27463],[-88.9935,29.2748],[-88.99241,29.27455],[-88.99141,29.27428],[-88.99032,29.27443],[-88.98926,29.27466],[-88.98826,29.27489],[-88.98737,29.27521],[-88.9864,29.27532],[-88.98541,29.27539],[-88.98435,29.27544],[-88.98332,29.27553],[-88.98231,29.27569],[-88.98099,29.27595],[-88.98006,29.27604],[-88.97908,29.2761],[-88.97806,29.27614],[-88.97702,29.27627],[-88.97603,29.27648],[-88.97508,29.27666],[-88.9741,29.27675],[-88.97342,29.2768],[-88.97241,29.27685],[-88.97175,29.27697],[-88.97077,29.27705],[-88.96984,29.27722],[-88.96891,29.27743],[-88.96797,29.27758],[-88.96699,29.27767],[-88.96606,29.27784],[-88.96565,29.27784],[-88.96586,29.27793],[-88.96499,29.27816],[-88.96412,29.27887],[-88.96591,29.27808],[-88.96654,29.2776],[-88.96708,29.27709],[-88.96814,29.27654],[-88.96914,29.27614],[-88.97036,29.27514],[-88.97171,29.27474],[-88.97288,29.27628],[-88.97315,29.27709],[-88.97345,29.27678],[-88.97367,29.27653],[-88.97374,29.27642],[-88.97379,29.27634],[-88.9738,29.27634],[-88.97377,29.27633],[-88.9738,29.27631],[-88.97378,29.2763],[-88.97378,29.27631],[-88.97378,29.2763],[-88.97379,29.2763],[-88.97379,29.27632],[-88.97383,29.27632],[-88.97382,29.27632],[-88.97382,29.2763],[-88.97384,29.27631],[-88.97387,29.27631],[-88.97385,29.2763],[-88.9739,29.2763],[-88.9739,29.27629],[-88.97392,29.27628],[-88.97391,29.27626],[-88.97392,29.27627],[-88.97394,29.27628],[-88.97397,29.27629],[-88.97398,29.2763],[-88.97397,29.27628],[-88.97396,29.27629],[-88.97398,29.27628],[-88.97397,29.27627],[-88.97398,29.27628],[-88.97396,29.27625],[-88.974,29.27627],[-88.97398,29.27625],[-88.97397,29.27624],[-88.97396,29.27623],[-88.97398,29.27624],[-88.97397,29.27623],[-88.97396,29.27622],[-88.97396,29.27623],[-88.97397,29.27622],[-88.97397,29.27623],[-88.97397,29.27622],[-88.97396,29.2762],[-88.97394,29.27619],[-88.97393,29.27618],[-88.97395,29.27619],[-88.97397,29.27617],[-88.97395,29.27616],[-88.97397,29.27615],[-88.97397,29.27616],[-88.97397,29.27617],[-88.97396,29.27615],[-88.97397,29.27616],[-88.97398,29.27616],[-88.97398,29.27615],[-88.97399,29.27615],[-88.974,29.27617],[-88.97399,29.27616],[-88.974,29.27617],[-88.97401,29.27617],[-88.97399,29.27618],[-88.97398,29.27616],[-88.97399,29.27617],[-88.97402,29.2762],[-88.974,29.27618],[-88.974,29.27618],[-88.974,29.27619],[-88.97402,29.2762],[-88.97401,29.27619],[-88.974,29.27618],[-88.974,29.27619],[-88.97401,29.27619],[-88.97402,29.2762],[-88.97403,29.2762],[-88.97402,29.2762],[-88.97402,29.2762],[-88.97402,29.27621],[-88.974,29.2762],[-88.974,29.27619],[-88.97398,29.27617],[-88.97397,29.27617],[-88.97394,29.27615],[-88.97392,29.27613],[-88.97391,29.27613],[-88.97387,29.27611],[-88.97386,29.2761],[-88.97384,29.2761],[-88.97385,29.2761],[-88.97382,29.27608],[-88.97378,29.27606],[-88.97376,29.27606],[-88.97372,29.27606],[-88.97373,29.27605],[-88.97376,29.27605],[-88.97378,29.27607],[-88.97379,29.27607],[-88.97377,29.27605],[-88.97376,29.27604],[-88.97374,29.27604],[-88.97373,29.27604],[-88.97373,29.27604],[-88.97371,29.27605],[-88.97371,29.27604],[-88.97372,29.27605],[-88.9737,29.27604],[-88.97372,29.27605],[-88.97374,29.27605],[-88.97374,29.27605],[-88.97379,29.27607],[-88.97377,29.27606],[-88.97379,29.27606],[-88.9738,29.27606],[-88.97378,29.27606],[-88.97379,29.27606],[-88.97375,29.27605],[-88.97377,29.27605],[-88.97378,29.27606],[-88.97379,29.27606],[-88.97378,29.27606],[-88.97378,29.27607],[-88.97377,29.27606],[-88.97373,29.27605],[-88.9737,29.27604],[-88.97371,29.27605],[-88.97368,29.27604],[-88.97369,29.27604],[-88.97368,29.27604],[-88.9737,29.27605],[-88.97371,29.27604],[-88.97372,29.27605],[-88.97373,29.27604],[-88.97375,29.27604],[-88.97379,29.27604],[-88.97376,29.27603],[-88.97376,29.27604],[-88.97376,29.27605],[-88.97375,29.27604],[-88.97375,29.27604],[-88.97378,29.27606],[-88.97378,29.27606],[-88.97378,29.27607],[-88.9738,29.27607],[-88.97378,29.27606],[-88.97377,29.27606],[-88.97375,29.27605],[-88.97374,29.27604],[-88.97377,29.27606],[-88.97378,29.27605],[-88.97377,29.27606],[-88.97375,29.27605],[-88.97376,29.27605],[-88.97377,29.27606],[-88.97379,29.27606],[-88.97378,29.27605],[-88.97375,29.27605],[-88.97376,29.27605],[-88.97377,29.27605],[-88.97375,29.27604],[-88.97377,29.27605],[-88.97379,29.27606],[-88.97378,29.27605],[-88.97379,29.27605],[-88.97376,29.27604],[-88.97375,29.27605],[-88.97374,29.27603],[-88.97371,29.27603],[-88.97372,29.27605],[-88.97372,29.27605],[-88.97376,29.27605],[-88.97374,29.27605],[-88.97373,29.27605],[-88.9737,29.27605],[-88.97367,29.27603],[-88.97365,29.27603],[-88.97368,29.27605],[-88.97366,29.27605],[-88.97367,29.27604],[-88.97368,29.27605],[-88.97368,29.27604],[-88.97365,29.27603],[-88.97363,29.27602],[-88.97362,29.27602],[-88.97361,29.27601],[-88.97361,29.27601],[-88.97363,29.27603],[-88.97362,29.27603],[-88.97363,29.27601],[-88.97364,29.27602],[-88.97366,29.27603],[-88.97365,29.27603],[-88.97365,29.27603],[-88.97364,29.27603],[-88.97364,29.27603],[-88.97365,29.27604],[-88.97364,29.27603],[-88.97363,29.27602],[-88.97362,29.27602],[-88.97359,29.276],[-88.9736,29.27603],[-88.97358,29.27601],[-88.97357,29.27601],[-88.97356,29.27602],[-88.97355,29.27601],[-88.97356,29.27601],[-88.97354,29.27601],[-88.97354,29.27601],[-88.97351,29.27601],[-88.9735,29.27601],[-88.97347,29.276],[-88.97349,29.276],[-88.97349,29.276],[-88.97351,29.276],[-88.9735,29.27599],[-88.97352,29.276],[-88.97351,29.276],[-88.97352,29.276],[-88.97356,29.27601],[-88.97355,29.27601],[-88.97355,29.276],[-88.9735,29.276],[-88.97351,29.276],[-88.9735,29.27601],[-88.97352,29.27601],[-88.9735,29.27601],[-88.97347,29.27601],[-88.97347,29.276],[-88.97347,29.27601],[-88.97345,29.276],[-88.97347,29.276],[-88.97351,29.276],[-88.97348,29.276],[-88.97348,29.276],[-88.97346,29.276],[-88.97347,29.276],[-88.97348,29.276],[-88.97346,29.276],[-88.97347,29.276],[-88.97346,29.276],[-88.97344,29.276],[-88.97344,29.276],[-88.97345,29.27601],[-88.97343,29.276],[-88.97341,29.27601],[-88.97339,29.27601],[-88.97341,29.27601],[-88.9734,29.27601],[-88.9734,29.27601],[-88.97339,29.27601],[-88.97337,29.27601],[-88.97335,29.27601],[-88.97333,29.27601],[-88.97333,29.27602],[-88.97335,29.27602],[-88.97334,29.27603],[-88.97329,29.27603],[-88.97327,29.27604],[-88.9733,29.27604],[-88.9733,29.27605],[-88.97329,29.27605],[-88.9733,29.27605],[-88.97332,29.27604],[-88.97335,29.27604],[-88.97333,29.27604],[-88.97334,29.27604],[-88.97332,29.27605],[-88.97331,29.27605],[-88.97334,29.27604],[-88.97334,29.27604],[-88.97333,29.27604],[-88.97339,29.27604],[-88.97338,29.27604],[-88.97332,29.27604],[-88.97331,29.27604],[-88.9733,29.27604],[-88.97329,29.27605],[-88.97328,29.27605],[-88.97331,29.27603],[-88.97334,29.27603],[-88.97335,29.27603],[-88.97335,29.27603],[-88.97336,29.27603],[-88.97333,29.27602],[-88.97331,29.27601],[-88.97326,29.27602],[-88.97326,29.27602],[-88.97326,29.27603],[-88.97331,29.27602],[-88.9733,29.27602],[-88.97326,29.27603],[-88.97323,29.27604],[-88.97314,29.27607],[-88.97311,29.27606],[-88.97312,29.27605],[-88.97314,29.27605],[-88.97314,29.27605],[-88.97317,29.27603],[-88.97316,29.27605],[-88.97315,29.27605],[-88.97316,29.27605],[-88.97316,29.27604],[-88.97315,29.27605],[-88.97318,29.27604],[-88.97319,29.27605],[-88.97317,29.27605],[-88.97317,29.27604],[-88.97319,29.27604],[-88.9732,29.27604],[-88.97321,29.27603],[-88.9732,29.27604],[-88.97321,29.27603],[-88.97322,29.27601],[-88.97322,29.27602],[-88.97322,29.27601],[-88.97322,29.276],[-88.97322,29.276],[-88.97322,29.27602],[-88.97313,29.27604],[-88.97309,29.27605],[-88.9731,29.27606],[-88.9731,29.27605],[-88.97308,29.27608],[-88.97311,29.27607],[-88.97313,29.27607],[-88.97316,29.27606],[-88.97312,29.27608],[-88.97312,29.27608],[-88.97314,29.27608],[-88.97314,29.27607],[-88.97315,29.27606],[-88.97315,29.27605],[-88.97315,29.27605],[-88.97316,29.27605],[-88.97316,29.27604],[-88.97317,29.27605],[-88.97317,29.27604],[-88.97318,29.27604],[-88.97319,29.27605],[-88.97315,29.27607],[-88.97319,29.27604],[-88.97331,29.27604],[-88.97329,29.27603],[-88.97324,29.27603],[-88.9732,29.27605],[-88.97316,29.27605],[-88.97313,29.27606],[-88.97311,29.27607],[-88.97308,29.27607],[-88.97316,29.27617],[-88.97324,29.27643],[-88.97327,29.27671],[-88.97354,29.2772],[-88.97352,29.2771],[-88.97345,29.27697],[-88.97375,29.2777],[-88.97184,29.27887],[-88.97047,29.27963],[-88.969,29.28021],[-88.96789,29.28053],[-88.96717,29.28081],[-88.96613,29.28123],[-88.96544,29.28152],[-88.96447,29.28195],[-88.96346,29.2824],[-88.96244,29.28277],[-88.96109,29.2833],[-88.96011,29.28375],[-88.95919,29.28423],[-88.95824,29.28464],[-88.95724,29.28505],[-88.95626,29.28552],[-88.95526,29.286],[-88.95439,29.28642],[-88.95337,29.28681],[-88.95275,29.28705],[-88.95157,29.28689],[-88.95045,29.28599],[-88.94961,29.28506],[-88.94887,29.28408],[-88.94857,29.28325],[-88.94848,29.28199],[-88.94874,29.28078],[-88.94911,29.28005],[-88.94992,29.27915],[-88.9513,29.27853],[-88.95272,29.2782],[-88.95341,29.27795],[-88.95441,29.27763],[-88.95544,29.27737],[-88.95642,29.2771],[-88.95708,29.27693],[-88.95802,29.27684],[-88.959,29.27664],[-88.95995,29.27647],[-88.96088,29.27639],[-88.9618,29.2763],[-88.96322,29.27598],[-88.96417,29.27571],[-88.9654,29.27536],[-88.96634,29.27515],[-88.96699,29.27501],[-88.96821,29.2748],[-88.96913,29.27461],[-88.96974,29.27447],[-88.97067,29.27427],[-88.97132,29.27414],[-88.97224,29.27393],[-88.9732,29.27372],[-88.97416,29.27355],[-88.9751,29.27337],[-88.97602,29.27316],[-88.97663,29.27324],[-88.97743,29.27354],[-88.97805,29.27401],[-88.97836,29.27439],[-88.97878,29.27491],[-88.97932,29.27529],[-88.97958,29.27554],[-88.97936,29.27605],[-88.97909,29.27563],[-88.97912,29.2755],[-88.9794,29.2763],[-88.97971,29.27829],[-88.97996,29.27963],[-88.97862,29.28093],[-88.97667,29.28133],[-88.97646,29.28128],[-88.97547,29.28134],[-88.97449,29.28139],[-88.97328,29.28138],[-88.9726,29.28181],[-88.97227,29.28178],[-88.97237,29.28094],[-88.97224,29.28083],[-88.97219,29.28086],[-88.97213,29.28086],[-88.9721,29.28088],[-88.97208,29.28088],[-88.97208,29.28087],[-88.97206,29.28087],[-88.97205,29.28087],[-88.97203,29.28089],[-88.97196,29.28091],[-88.97195,29.28091],[-88.97193,29.28093],[-88.97199,29.2809],[-88.97201,29.2809],[-88.97202,29.28088],[-88.972,29.28089],[-88.97199,29.2809],[-88.97199,29.2809],[-88.97199,29.28089],[-88.97198,29.2809],[-88.97201,29.28088],[-88.97199,29.2809],[-88.972,29.2809],[-88.972,29.28089],[-88.97199,29.2809],[-88.97201,29.28088],[-88.97205,29.28087],[-88.97205,29.28088],[-88.97204,29.28089],[-88.97204,29.2809],[-88.97203,29.28089],[-88.97206,29.28089],[-88.97204,29.28088],[-88.97203,29.2809],[-88.97204,29.28088],[-88.97203,29.28088],[-88.97201,29.28089],[-88.97199,29.28089],[-88.972,29.2809],[-88.97206,29.28085],[-88.9721,29.28085],[-88.9721,29.28085],[-88.97209,29.28087],[-88.97212,29.28086],[-88.97212,29.28085],[-88.97209,29.28087],[-88.97214,29.28085],[-88.97213,29.28085],[-88.97215,29.28085],[-88.97214,29.28084],[-88.97212,29.28085],[-88.97216,29.28085],[-88.97214,29.28084],[-88.9721,29.28086],[-88.9721,29.28086],[-88.97213,29.28085],[-88.97212,29.28086],[-88.97213,29.28085],[-88.97214,29.28084],[-88.97219,29.28084],[-88.9722,29.28084],[-88.97223,29.28083],[-88.97225,29.28082],[-88.97228,29.28082],[-88.97228,29.28082],[-88.97227,29.28082],[-88.9723,29.28082],[-88.97231,29.28082],[-88.97229,29.28082],[-88.97229,29.28083],[-88.97231,29.28084],[-88.97228,29.28083],[-88.9723,29.28083],[-88.97232,29.28082],[-88.97233,29.28083],[-88.97236,29.28083],[-88.97231,29.28084],[-88.97233,29.28083],[-88.97233,29.28083],[-88.97234,29.28083],[-88.97234,29.28083],[-88.97232,29.28082],[-88.97234,29.28082],[-88.97234,29.28082],[-88.97235,29.28083],[-88.97232,29.28082],[-88.97232,29.28083],[-88.97234,29.28083],[-88.97236,29.28082],[-88.97232,29.28082],[-88.97231,29.28083],[-88.97233,29.28084],[-88.97233,29.28084],[-88.97232,29.28084],[-88.97235,29.28083],[-88.97238,29.28082],[-88.97234,29.28082],[-88.97234,29.28083],[-88.97233,29.28084],[-88.97235,29.28084],[-88.97234,29.28083],[-88.97236,29.28083],[-88.97236,29.28084],[-88.97234,29.28083],[-88.97237,29.28083],[-88.97238,29.28081],[-88.97237,29.2808],[-88.97237,29.28081],[-88.97237,29.28082],[-88.97236,29.28083],[-88.97235,29.28083],[-88.97236,29.28083],[-88.97239,29.28083],[-88.97238,29.28083],[-88.97235,29.28081],[-88.97231,29.28081],[-88.97231,29.2808],[-88.97235,29.28081],[-88.97238,29.28082],[-88.9724,29.28083],[-88.97243,29.28084],[-88.97251,29.28085],[-88.97249,29.28084],[-88.97249,29.28084],[-88.97253,29.28088],[-88.97255,29.28088],[-88.97253,29.28086],[-88.97258,29.28088],[-88.97258,29.28088],[-88.97258,29.28089],[-88.97257,29.28089],[-88.97262,29.2809],[-88.97263,29.2809],[-88.97264,29.28091],[-88.97266,29.28092],[-88.97264,29.2809],[-88.97266,29.28091],[-88.97266,29.28091],[-88.97223,29.28142],[-88.97244,29.28197],[-88.97232,29.2824],[-88.97136,29.28349],[-88.97046,29.28437],[-88.96995,29.28496],[-88.96901,29.28602],[-88.96802,29.28704],[-88.96707,29.28814],[-88.96612,29.28921],[-88.96523,29.29022],[-88.96489,29.29055],[-88.96462,29.29114],[-88.96433,29.29183],[-88.96477,29.29277],[-88.96839,29.29355],[-88.97094,29.29385],[-88.97474,29.29433],[-88.97836,29.29479],[-88.98073,29.29439],[-88.98127,29.2923],[-88.98114,29.28921],[-88.98107,29.28712],[-88.98113,29.28608],[-88.98118,29.28549],[-88.98121,29.28519],[-88.9791,29.28323],[-88.97725,29.28075],[-88.97592,29.27894],[-88.97484,29.27697],[-88.97413,29.27387],[-88.97337,29.27169],[-88.97272,29.26955],[-88.97191,29.26646],[-88.97097,29.26321],[-88.97007,29.25994],[-88.96916,29.25679],[-88.96823,29.25349],[-88.9676,29.2513],[-88.96664,29.24804],[-88.9657,29.24477],[-88.96513,29.24248],[-88.96444,29.23918],[-88.96397,29.23689],[-88.96332,29.23351],[-88.96265,29.23005],[-88.96222,29.22777],[-88.96161,29.22439],[-88.96107,29.22083],[-88.96065,29.21846],[-88.9601,29.21503],[-88.95971,29.21269],[-88.95929,29.21024],[-88.95871,29.20672],[-88.9581,29.20322],[-88.95745,29.19964],[-88.95682,29.19613],[-88.95636,29.1938],[-88.95571,29.19026],[-88.95446,29.18333],[-88.95407,29.18094],[-88.95343,29.17744],[-88.95283,29.17393],[-88.95243,29.17164],[-88.95202,29.16922],[-88.95183,29.16571],[-88.95185,29.16217],[-88.95197,29.15859],[-88.95275,29.15508],[-88.95359,29.15157],[-88.95459,29.14808],[-88.95603,29.14358],[-88.9568,29.14128],[-88.95834,29.1381],[-88.95997,29.13626],[-88.96248,29.13359],[-88.96502,29.13084],[-88.96744,29.12821],[-88.96999,29.12552],[-88.97249,29.12289],[-88.97504,29.12024],[-88.97743,29.11762],[-88.97908,29.11579],[-88.98152,29.11325],[-88.9839,29.11077],[-88.9863,29.10834],[-88.98873,29.10582],[-88.9904,29.10412],[-88.9928,29.10169],[-88.99523,29.09924],[-88.99765,29.09674],[-88.99936,29.09502],[-89.00182,29.09254],[-89.00323,29.09071],[-89.0052,29.08793],[-89.0065,29.086],[-89.00898,29.08232],[-89.0108,29.07961],[-89.0127,29.07688],[-89.01404,29.07507],[-89.01537,29.07323],[-89.0173,29.07055],[-89.01931,29.06773],[-89.02118,29.06518],[-89.02264,29.06345],[-89.02474,29.06086]]}},{"type":"Feature","properties":{"mmsi":367724890,"vessel_name":"MISSISSIPPI III","suspicion_level":"LOW","total_score":41.0,"points_count":674},"geometry":{"type":"LineString","coordinates":[[-89.21298,28.98865],[-89.21421,28.9892],[-89.21565,28.98945],[-89.2165,28.9896],[-89.21909,28.99063],[-89.21754,28.98961],[-89.21674,28.98842],[-89.21607,28.98722],[-89.2157,28.98643],[-89.21511,28.9853],[-89.21445,28.98415],[-89.21355,28.98322],[-89.21234,28.98253],[-89.21122,28.98182],[-89.21001,28.98108],[-89.20883,28.98041],[-89.20758,28.97972],[-89.20618,28.9795],[-89.20473,28.97983],[-89.20375,28.98073],[-89.2035,28.98161],[-89.20375,28.98282],[-89.20471,28.98391],[-89.20595,28.98452],[-89.20747,28.98497],[-89.20883,28.98532],[-89.2103,28.98574],[-89.21169,28.98616],[-89.21313,28.98659],[-89.21407,28.9869],[-89.21542,28.9874],[-89.21672,28.98792],[-89.21808,28.98839],[-89.21939,28.98881],[-89.22077,28.98924],[-89.22218,28.98968],[-89.22352,28.9902],[-89.22445,28.99058],[-89.22486,28.99075],[-89.22625,28.99126],[-89.22759,28.99173],[-89.22891,28.99232],[-89.23002,28.99302],[-89.23079,28.99417],[-89.23139,28.99533],[-89.23198,28.99653],[-89.23246,28.99772],[-89.23306,28.9989],[-89.23385,28.99996],[-89.23451,29.00057],[-89.23953,29.00306],[-89.24124,29.00379],[-89.24261,29.00429],[-89.24385,29.00479],[-89.24493,29.00566],[-89.24519,29.00653],[-89.24484,29.00784],[-89.24366,29.00872],[-89.24213,29.00868],[-89.24072,29.0081],[-89.23936,29.00754],[-89.23797,29.00705],[-89.23704,29.00672],[-89.23569,29.00626],[-89.23477,29.00593],[-89.23338,29.00541],[-89.23207,29.00493],[-89.23114,29.0046],[-89.22971,29.0041],[-89.22842,29.00359],[-89.22745,29.00322],[-89.22615,29.00272],[-89.22468,29.0022],[-89.22331,29.00176],[-89.22192,29.00117],[-89.22018,29.00043],[-89.21836,28.99976],[-89.21716,28.9991],[-89.21591,28.99834],[-89.21477,28.9976],[-89.21359,28.99683],[-89.21197,28.99589],[-89.21074,28.99514],[-89.20959,28.99438],[-89.20838,28.9936],[-89.20719,28.99282],[-89.20597,28.99203],[-89.2048,28.99133],[-89.20355,28.99057],[-89.20241,28.98981],[-89.20147,28.98884],[-89.20093,28.98769],[-89.20076,28.9865],[-89.20086,28.98527],[-89.20131,28.98414],[-89.20235,28.98338],[-89.2037,28.98319],[-89.205,28.98353],[-89.20583,28.98399],[-89.20692,28.98465],[-89.20803,28.98539],[-89.20905,28.98611],[-89.21019,28.98684],[-89.21086,28.98738],[-89.21191,28.98808],[-89.21318,28.98871],[-89.21431,28.98929],[-89.21553,28.98991],[-89.2167,28.99046],[-89.21792,28.99105],[-89.21917,28.9917],[-89.2207,28.9926],[-89.22219,28.99351],[-89.2234,28.99408],[-89.2247,28.99468],[-89.22585,28.99534],[-89.22658,28.99585],[-89.22764,28.99669],[-89.22867,28.9974],[-89.22988,28.99807],[-89.23101,28.99865],[-89.23214,28.99935],[-89.2332,29.0001],[-89.23427,29.00081],[-89.23547,29.00139],[-89.23664,29.00188],[-89.2382,29.0026],[-89.23939,29.00318],[-89.24052,29.0037],[-89.24139,29.00407],[-89.24262,29.00455],[-89.2439,29.00486],[-89.24519,29.00511],[-89.24655,29.00539],[-89.24768,29.00592],[-89.24817,29.00712],[-89.24771,29.00826],[-89.24592,29.00898],[-89.24426,29.00819],[-89.24392,29.00665],[-89.24436,29.00551],[-89.24425,29.0047],[-89.24341,29.00368],[-89.24201,29.00317],[-89.24105,29.00293],[-89.23972,29.00253],[-89.23873,29.00226],[-89.23738,29.00194],[-89.23613,29.00132],[-89.23492,29.00075],[-89.23404,29.00042],[-89.23233,28.99985],[-89.23126,28.99907],[-89.23025,28.99827],[-89.22923,28.99742],[-89.22828,28.99661],[-89.22734,28.99566],[-89.22654,28.99467],[-89.22555,28.99375],[-89.22437,28.99313],[-89.2233,28.99224],[-89.22248,28.99121],[-89.22132,28.98991],[-89.21986,28.98821],[-89.21903,28.98715],[-89.21827,28.98609],[-89.21758,28.98499],[-89.21712,28.98427],[-89.21634,28.98327],[-89.21514,28.98259],[-89.21422,28.98245],[-89.21296,28.98265],[-89.21181,28.98331],[-89.21116,28.98424],[-89.21103,28.98543],[-89.21146,28.98648],[-89.21235,28.98734],[-89.21334,28.98818],[-89.21429,28.98899],[-89.21524,28.98987],[-89.21623,28.99069],[-89.21713,28.99151],[-89.21802,28.99239],[-89.2189,28.99322],[-89.21977,28.99404],[-89.22069,28.99489],[-89.22158,28.99569],[-89.22247,28.99649],[-89.22341,28.9974],[-89.22427,28.99822],[-89.22528,28.99907],[-89.22599,28.99958],[-89.22701,29.00031],[-89.22807,29.00108],[-89.22905,29.00181],[-89.23012,29.00253],[-89.23083,29.00299],[-89.23187,29.00369],[-89.23287,29.00446],[-89.23391,29.00522],[-89.23506,29.00593],[-89.23607,29.00657],[-89.23716,29.00729],[-89.23814,29.00799],[-89.23911,29.00874],[-89.24011,29.00945],[-89.24102,29.0102],[-89.24219,29.01104],[-89.24402,29.01213],[-89.2444,29.01237],[-89.24547,29.01363],[-89.24564,29.01354],[-89.24639,29.01443],[-89.24825,29.01471],[-89.25074,29.01446],[-89.25213,29.01433],[-89.25441,29.01373],[-89.25677,29.01236],[-89.25557,29.01105],[-89.25413,29.01179],[-89.25157,29.01099],[-89.24903,29.00983],[-89.24648,29.00876],[-89.24387,29.00777],[-89.24137,29.00681],[-89.23927,29.00524],[-89.23757,29.00333],[-89.23577,29.00158],[-89.23488,29.00012],[-89.23333,28.99816],[-89.23158,28.99584],[-89.23088,28.99507],[-89.23033,28.99441],[-89.2268,28.99316],[-89.22576,28.99282],[-89.22434,28.99239],[-89.22304,28.99195],[-89.22239,28.99127],[-89.22177,28.99006],[-89.2211,28.98885],[-89.22035,28.98767],[-89.21943,28.98661],[-89.21841,28.98563],[-89.21719,28.98479],[-89.21597,28.98406],[-89.21466,28.98344],[-89.21327,28.98325],[-89.21187,28.9837],[-89.21093,28.9847],[-89.21078,28.98603],[-89.21123,28.98721],[-89.21246,28.98799],[-89.21367,28.9887],[-89.2145,28.98915],[-89.21568,28.98989],[-89.21674,28.99066],[-89.2179,28.99144],[-89.21907,28.99214],[-89.22026,28.99286],[-89.22141,28.99365],[-89.22215,28.99422],[-89.22321,28.99506],[-89.22436,28.99589],[-89.22513,28.99646],[-89.2262,28.9973],[-89.22729,28.99821],[-89.22833,28.99908],[-89.22944,28.99997],[-89.23086,29.00111],[-89.23224,29.0023],[-89.2337,29.0034],[-89.23515,29.0045],[-89.23606,29.00542],[-89.23695,29.00646],[-89.23832,29.0076],[-89.23943,29.00835],[-89.24043,29.00921],[-89.24135,29.01015],[-89.24271,29.01066],[-89.24372,29.01061],[-89.24507,29.00987],[-89.24581,29.00869],[-89.24588,29.00721],[-89.24522,29.00596],[-89.23949,29.00378],[-89.23848,29.00353],[-89.23708,29.00311],[-89.23559,29.00263],[-89.23419,29.00224],[-89.23313,29.00199],[-89.23166,29.00165],[-89.23019,29.00125],[-89.22885,29.0008],[-89.2274,29.00037],[-89.22619,28.99978],[-89.22495,28.999],[-89.22342,28.99793],[-89.22226,28.99713],[-89.22059,28.9962],[-89.21974,28.9957],[-89.21817,28.99461],[-89.21705,28.99377],[-89.21586,28.99297],[-89.21505,28.99248],[-89.21385,28.99177],[-89.21307,28.99126],[-89.21197,28.99052],[-89.21117,28.98996],[-89.21001,28.9892],[-89.20882,28.98853],[-89.20795,28.98807],[-89.20693,28.98731],[-89.20675,28.98597],[-89.20747,28.9849],[-89.20881,28.98431],[-89.21025,28.98429],[-89.21176,28.9844],[-89.2131,28.98492],[-89.21417,28.98581],[-89.21531,28.98662],[-89.21672,28.98775],[-89.21747,28.98829],[-89.21871,28.98898],[-89.21996,28.98976],[-89.22115,28.99053],[-89.22236,28.99125],[-89.22366,28.99197],[-89.22482,28.9927],[-89.22601,28.99357],[-89.2271,28.99448],[-89.22808,28.99539],[-89.22919,28.99634],[-89.23025,28.99715],[-89.23142,28.99805],[-89.23243,28.99893],[-89.2335,28.99988],[-89.23462,29.00064],[-89.23595,29.00125],[-89.23711,29.00193],[-89.23837,29.00266],[-89.23968,29.00323],[-89.24106,29.0038],[-89.24233,29.00435],[-89.24324,29.00471],[-89.24443,29.00534],[-89.24474,29.00577],[-89.24506,29.00701],[-89.24446,29.00835],[-89.24307,29.00909],[-89.24152,29.00896],[-89.24024,29.00809],[-89.23911,29.00726],[-89.23801,29.00639],[-89.23697,29.00545],[-89.23595,29.00453],[-89.23489,29.00362],[-89.2338,29.00279],[-89.23268,29.00194],[-89.23166,29.00103],[-89.23066,29.00012],[-89.22968,28.99917],[-89.22874,28.99816],[-89.22789,28.99716],[-89.22693,28.99613],[-89.22604,28.99516],[-89.22515,28.99409],[-89.22429,28.99311],[-89.22334,28.9921],[-89.22207,28.99081],[-89.22121,28.98981],[-89.22006,28.98843],[-89.21886,28.98712],[-89.21797,28.98611],[-89.2171,28.98518],[-89.21644,28.98457],[-89.21529,28.98375],[-89.21406,28.98313],[-89.21316,28.98283],[-89.21175,28.98272],[-89.21071,28.98357],[-89.2107,28.98448],[-89.21126,28.9852],[-89.21255,28.98598],[-89.21368,28.9868],[-89.21443,28.98739],[-89.21554,28.9883],[-89.21627,28.98889],[-89.21734,28.98965],[-89.21855,28.9905],[-89.21962,28.99133],[-89.22075,28.99218],[-89.22191,28.99289],[-89.22267,28.99342],[-89.22365,28.99431],[-89.2247,28.99521],[-89.22579,28.996],[-89.22697,28.99679],[-89.2281,28.99756],[-89.22889,28.99815],[-89.22997,28.99902],[-89.231,28.99987],[-89.23209,29.0007],[-89.23313,29.00153],[-89.23428,29.00226],[-89.23557,29.00266],[-89.23698,29.00311],[-89.23826,29.00352],[-89.23967,29.00393],[-89.24098,29.00423],[-89.2424,29.00453],[-89.24372,29.0049],[-89.24443,29.00551],[-89.24457,29.00717],[-89.24271,29.00857],[-89.24077,29.00809],[-89.23949,29.00671],[-89.23834,29.0059],[-89.23692,29.00528],[-89.23553,29.00487],[-89.23436,29.00446],[-89.23226,29.00445],[-89.23098,29.0046],[-89.23022,29.00458],[-89.22782,29.00481],[-89.22582,29.00515],[-89.22407,29.00545],[-89.2215,29.00661],[-89.21873,29.0078],[-89.21603,29.00904],[-89.21314,29.01016],[-89.2104,29.01127],[-89.20756,29.01245],[-89.20622,29.01287],[-89.2064,29.01086],[-89.20682,29.01028],[-89.20706,29.01002],[-89.20716,29.00991],[-89.20737,29.00968],[-89.20763,29.00963],[-89.20777,29.00961],[-89.20777,29.00957],[-89.20777,29.00952],[-89.20777,29.00954],[-89.20777,29.00956],[-89.20777,29.00953],[-89.20777,29.00952],[-89.20777,29.00952],[-89.20777,29.00954],[-89.20777,29.00956],[-89.20778,29.00956],[-89.20778,29.00959],[-89.20777,29.00959],[-89.20779,29.0096],[-89.20778,29.0096],[-89.20778,29.00961],[-89.20779,29.00959],[-89.20778,29.00961],[-89.20778,29.0096],[-89.20778,29.00961],[-89.20778,29.00963],[-89.20778,29.00963],[-89.20778,29.00963],[-89.20778,29.00964],[-89.20777,29.00964],[-89.20778,29.00966],[-89.20778,29.00967],[-89.20779,29.00966],[-89.20779,29.00967],[-89.20816,29.00973],[-89.20816,29.00971],[-89.20815,29.00971],[-89.20815,29.00971],[-89.20815,29.00973],[-89.20815,29.00975],[-89.20814,29.00975],[-89.20814,29.00974],[-89.20814,29.00977],[-89.20815,29.00977],[-89.20815,29.00978],[-89.20815,29.00977],[-89.20815,29.00976],[-89.20816,29.00975],[-89.20816,29.00974],[-89.20817,29.00968],[-89.20816,29.00968],[-89.20816,29.0097],[-89.20816,29.00971],[-89.20817,29.00971],[-89.20816,29.00969],[-89.20815,29.00972],[-89.20815,29.00973],[-89.20816,29.00971],[-89.20815,29.00972],[-89.20817,29.00969],[-89.20817,29.00967],[-89.20816,29.00966],[-89.20817,29.00967],[-89.20818,29.00965],[-89.20818,29.00963],[-89.20817,29.00966],[-89.20816,29.00966],[-89.20816,29.00967],[-89.20817,29.00969],[-89.20816,29.00971],[-89.20815,29.00973],[-89.20815,29.00975],[-89.20814,29.00976],[-89.20815,29.00976],[-89.20815,29.00977],[-89.20815,29.00977],[-89.20816,29.00976],[-89.20816,29.00977],[-89.20817,29.00973],[-89.20817,29.00957],[-89.20817,29.00953],[-89.20816,29.00953],[-89.20817,29.00955],[-89.20816,29.00955],[-89.20817,29.00957],[-89.20817,29.00961],[-89.20817,29.0096],[-89.20817,29.00959],[-89.20817,29.00958],[-89.20817,29.00964],[-89.20817,29.00965],[-89.20816,29.00965],[-89.20816,29.00964],[-89.20816,29.00962],[-89.20816,29.00962],[-89.20817,29.00962],[-89.20817,29.00963],[-89.20817,29.00964],[-89.20816,29.00965],[-89.20816,29.00965],[-89.20817,29.00963],[-89.20816,29.00962],[-89.20817,29.0096],[-89.20817,29.00959],[-89.20818,29.0096],[-89.20817,29.00959],[-89.20816,29.00961],[-89.20817,29.00959],[-89.20817,29.00957],[-89.20816,29.00955],[-89.20816,29.00953],[-89.20815,29.00953],[-89.20816,29.00952],[-89.20816,29.00951],[-89.20816,29.0095],[-89.20816,29.00948],[-89.20814,29.00945],[-89.20813,29.00942],[-89.20812,29.00938],[-89.20811,29.00937],[-89.2081,29.00936],[-89.2081,29.00933],[-89.20808,29.00931],[-89.20807,29.00929],[-89.20807,29.0093],[-89.20806,29.00927],[-89.20806,29.00926],[-89.20806,29.00925],[-89.20807,29.00924],[-89.20807,29.00925],[-89.20808,29.00928],[-89.20808,29.00928],[-89.20808,29.00928],[-89.20807,29.00927],[-89.20807,29.00927],[-89.20806,29.00926],[-89.20804,29.00925],[-89.20806,29.00925],[-89.20806,29.00925],[-89.20805,29.00922],[-89.20804,29.00923],[-89.20805,29.00923],[-89.20805,29.00924],[-89.20805,29.00922],[-89.20803,29.00921],[-89.20802,29.0092],[-89.20802,29.00921],[-89.20801,29.0092],[-89.20799,29.00918],[-89.208,29.00919],[-89.20801,29.00919],[-89.20804,29.00923],[-89.20803,29.00923],[-89.20804,29.00924],[-89.20806,29.00926],[-89.20805,29.00924],[-89.20806,29.00926],[-89.20806,29.00926],[-89.20807,29.00926],[-89.20806,29.00926],[-89.20806,29.00924],[-89.20804,29.00922],[-89.20804,29.00924],[-89.20805,29.00924],[-89.20806,29.00927],[-89.20808,29.00933],[-89.20809,29.00934],[-89.20809,29.00935],[-89.2081,29.00935],[-89.2081,29.00935],[-89.20809,29.00934],[-89.20809,29.00937],[-89.20811,29.00941],[-89.20812,29.00942],[-89.20812,29.00943],[-89.20793,29.00947],[-89.20765,29.00952],[-89.20744,29.00956],[-89.20745,29.00958],[-89.20744,29.00961],[-89.20754,29.00961],[-89.20634,29.00787],[-89.20567,29.00536],[-89.20516,29.00364],[-89.20453,29.00196],[-89.20336,28.99806],[-89.20252,28.99575],[-89.20173,28.99358],[-89.20077,28.99029],[-89.19921,28.98719],[-89.19809,28.98505],[-89.19671,28.98167],[-89.19525,28.97856],[-89.1943,28.97629],[-89.19236,28.97346],[-89.18887,28.97225],[-89.18632,28.97153],[-89.18295,28.97057],[-89.17826,28.96917],[-89.17467,28.96811],[-89.17127,28.96704],[-89.1679,28.96595],[-89.16563,28.96515],[-89.16215,28.96402],[-89.15879,28.96319],[-89.15636,28.96293],[-89.15281,28.96291],[-89.14921,28.96304],[-89.14571,28.96321],[-89.14386,28.96446],[-89.14146,28.96654],[-89.13888,28.96858],[-89.1372,28.97001],[-89.13499,28.97222],[-89.13355,28.97385],[-89.13255,28.97677],[-89.13213,28.97966],[-89.13142,28.98164],[-89.13118,28.98493],[-89.13081,28.98787],[-89.13067,28.99011],[-89.13057,28.99527],[-89.12977,28.99836],[-89.12864,29.0014],[-89.12642,29.0052],[-89.12441,29.00784],[-89.12192,29.01041],[-89.11987,29.01249],[-89.11884,29.01353],[-89.1181,29.01432],[-89.11725,29.01508],[-89.11634,29.01586],[-89.1153,29.01683],[-89.11432,29.01775],[-89.11333,29.01871],[-89.11234,29.01962],[-89.11138,29.02061],[-89.11074,29.02126],[-89.10945,29.02253],[-89.10855,29.02341]]}},{"type":"Feature","properties":{"mmsi":368132210,"vessel_name":"ENTERPRISE","suspicion_level":"LOW","total_score":31.1,"points_count":393},"geometry":{"type":"LineString","coordinates":[[-89.21246,29.1507],[-89.21245,29.1507],[-89.21244,29.15071],[-89.21245,29.15071],[-89.21245,29.15073],[-89.21245,29.15072],[-89.21245,29.15073],[-89.21244,29.15072],[-89.21245,29.15072],[-89.21245,29.1507],[-89.21245,29.15071],[-89.21244,29.15072],[-89.21243,29.15073],[-89.21244,29.15075],[-89.21245,29.15072],[-89.21244,29.1507],[-89.21246,29.15068],[-89.21245,29.1507],[-89.21246,29.1507],[-89.21247,29.15071],[-89.21246,29.15071],[-89.21246,29.15072],[-89.21247,29.1507],[-89.21246,29.15072],[-89.21246,29.15072],[-89.21247,29.15072],[-89.21246,29.15072],[-89.21246,29.15072],[-89.21246,29.15072],[-89.21245,29.15072],[-89.21244,29.15073],[-89.21245,29.15074],[-89.21246,29.15072],[-89.21244,29.15072],[-89.21246,29.15072],[-89.21244,29.15072],[-89.21246,29.15072],[-89.21246,29.15072],[-89.21246,29.15072],[-89.21244,29.15073],[-89.21245,29.15073],[-89.21246,29.15072],[-89.21246,29.15072],[-89.21246,29.15072],[-89.21246,29.15071],[-89.21246,29.15072],[-89.21246,29.15071],[-89.21246,29.15071],[-89.21246,29.15071],[-89.21246,29.15071],[-89.21246,29.15072],[-89.21246,29.15071],[-89.21245,29.15072],[-89.21246,29.15072],[-89.21245,29.15073],[-89.21246,29.15073],[-89.21245,29.15073],[-89.21245,29.15072],[-89.21244,29.15072],[-89.21245,29.15073],[-89.21245,29.15072],[-89.21246,29.15072],[-89.21245,29.15071],[-89.21246,29.15071],[-89.21245,29.15072],[-89.21244,29.15071],[-89.21246,29.15071],[-89.21245,29.15071],[-89.21245,29.15072],[-89.21246,29.15071],[-89.21245,29.15071],[-89.21245,29.15071],[-89.21245,29.15072],[-89.21244,29.15072],[-89.21245,29.15072],[-89.21246,29.15072],[-89.21244,29.15073],[-89.21245,29.15073],[-89.21246,29.15072],[-89.21245,29.15071],[-89.21246,29.15071],[-89.21245,29.15071],[-89.21244,29.15072],[-89.21244,29.15071],[-89.21244,29.1507],[-89.21245,29.15071],[-89.21245,29.15071],[-89.21244,29.15072],[-89.21245,29.15071],[-89.21245,29.15072],[-89.21246,29.15071],[-89.21245,29.15071],[-89.21245,29.15072],[-89.21245,29.15072],[-89.21245,29.15072],[-89.21245,29.15073],[-89.21246,29.15072],[-89.21246,29.15072],[-89.21246,29.15073],[-89.21246,29.15072],[-89.21246,29.15073],[-89.21247,29.15072],[-89.21247,29.15073],[-89.21246,29.15071],[-89.21246,29.15072],[-89.21246,29.15072],[-89.21244,29.15071],[-89.21246,29.15071],[-89.21246,29.1507],[-89.21246,29.15072],[-89.21245,29.15072],[-89.21246,29.1507],[-89.21245,29.15073],[-89.21245,29.15073],[-89.21246,29.15072],[-89.21246,29.15071],[-89.21247,29.15074],[-89.21247,29.15073],[-89.21247,29.15071],[-89.21247,29.15072],[-89.21247,29.15072],[-89.21248,29.15071],[-89.21247,29.15072],[-89.21246,29.15072],[-89.21244,29.15071],[-89.21244,29.15071],[-89.21245,29.15072],[-89.21244,29.15072],[-89.21245,29.15071],[-89.21245,29.15071],[-89.21245,29.15071],[-89.21245,29.15073],[-89.21245,29.15073],[-89.21245,29.15073],[-89.21246,29.15073],[-89.21246,29.15072],[-89.21246,29.15072],[-89.21246,29.15071],[-89.21244,29.15072],[-89.21244,29.15072],[-89.21245,29.15072],[-89.21245,29.15072],[-89.21243,29.15071],[-89.21245,29.15073],[-89.21245,29.15073],[-89.21241,29.15072],[-89.21245,29.15072],[-89.21242,29.1507],[-89.21244,29.15071],[-89.21242,29.15071],[-89.21243,29.1507],[-89.21242,29.1507],[-89.21243,29.1507],[-89.21245,29.15069],[-89.21246,29.15069],[-89.21247,29.1507],[-89.21246,29.1507],[-89.21247,29.15069],[-89.21246,29.1507],[-89.21246,29.15069],[-89.21246,29.1507],[-89.21247,29.15071],[-89.21246,29.1507],[-89.21246,29.1507],[-89.21246,29.1507],[-89.21246,29.15071],[-89.21246,29.15071],[-89.21246,29.15072],[-89.21246,29.15072],[-89.21246,29.15072],[-89.21246,29.15072],[-89.21246,29.15071],[-89.21245,29.15071],[-89.21245,29.15071],[-89.21246,29.15072],[-89.21245,29.15071],[-89.21245,29.15073],[-89.21246,29.15071],[-89.21244,29.15072],[-89.21246,29.15072],[-89.21245,29.15072],[-89.21243,29.15068],[-89.21246,29.15072],[-89.21245,29.15072],[-89.21245,29.15071],[-89.21246,29.15071],[-89.21246,29.1507],[-89.21243,29.15072],[-89.21246,29.15073],[-89.21245,29.15072],[-89.21243,29.15072],[-89.21247,29.15071],[-89.21245,29.15072],[-89.21246,29.15072],[-89.21246,29.15072],[-89.21246,29.15071],[-89.21245,29.15071],[-89.21246,29.15071],[-89.21247,29.15072],[-89.21247,29.15071],[-89.21244,29.15071],[-89.21245,29.15072],[-89.21244,29.15072],[-89.21245,29.15071],[-89.21245,29.15071],[-89.21246,29.15071],[-89.21246,29.15071],[-89.21245,29.15071],[-89.21246,29.1507],[-89.21247,29.15069],[-89.21246,29.15071],[-89.21245,29.15072],[-89.21243,29.15072],[-89.21244,29.15072],[-89.21245,29.1507],[-89.21246,29.15071],[-89.21246,29.1507],[-89.21245,29.15071],[-89.21246,29.15072],[-89.21245,29.15072],[-89.21244,29.15071],[-89.21246,29.15071],[-89.21246,29.15071],[-89.21245,29.15072],[-89.21244,29.1507],[-89.21247,29.15074],[-89.21246,29.15074],[-89.21245,29.15072],[-89.21245,29.15073],[-89.21245,29.15075],[-89.21244,29.15075],[-89.21245,29.15075],[-89.21245,29.15072],[-89.21244,29.15073],[-89.21246,29.15072],[-89.21246,29.15073],[-89.21245,29.15071],[-89.21245,29.15072],[-89.21244,29.15073],[-89.21245,29.15071],[-89.21246,29.15072],[-89.21246,29.15071],[-89.21246,29.1507],[-89.21246,29.15072],[-89.21246,29.15072],[-89.21245,29.15071],[-89.21243,29.1507],[-89.21246,29.15071],[-89.21246,29.15071],[-89.21245,29.15071],[-89.21245,29.15069],[-89.21244,29.15071],[-89.21244,29.15071],[-89.21245,29.15071],[-89.21245,29.15071],[-89.21245,29.15071],[-89.21246,29.15071],[-89.21246,29.15072],[-89.21246,29.1507],[-89.21246,29.15071],[-89.21245,29.15071],[-89.21246,29.1507],[-89.21246,29.1507],[-89.21246,29.15071],[-89.21245,29.15071],[-89.21245,29.15071],[-89.21246,29.15073],[-89.21245,29.15073],[-89.21245,29.15072],[-89.21246,29.15072],[-89.21244,29.15075],[-89.21246,29.15073],[-89.21245,29.15073],[-89.21246,29.15071],[-89.21247,29.15071],[-89.21246,29.15071],[-89.21246,29.15073],[-89.21245,29.15072],[-89.21245,29.15071],[-89.21245,29.1507],[-89.21246,29.15071],[-89.21246,29.15071],[-89.21245,29.15071],[-89.21246,29.15071],[-89.21246,29.15071],[-89.21244,29.15071],[-89.21245,29.15071],[-89.21245,29.1507],[-89.21245,29.1507],[-89.21245,29.1507],[-89.21245,29.1507],[-89.21245,29.1507],[-89.21245,29.15071],[-89.21245,29.15072],[-89.21246,29.15072],[-89.21245,29.15071],[-89.21246,29.15072],[-89.21245,29.15072],[-89.21245,29.15071],[-89.21245,29.15071],[-89.21246,29.15071],[-89.21245,29.15071],[-89.21245,29.15072],[-89.21245,29.15071],[-89.21245,29.1507],[-89.21245,29.15071],[-89.21246,29.1507],[-89.21248,29.15072],[-89.21248,29.15072],[-89.21246,29.15072],[-89.21245,29.15072],[-89.21246,29.15072],[-89.21246,29.15073],[-89.21246,29.15072],[-89.21247,29.1507],[-89.21246,29.15072],[-89.21246,29.15071],[-89.21245,29.15072],[-89.21246,29.15072],[-89.21245,29.15072],[-89.21246,29.15072],[-89.21246,29.15071],[-89.21246,29.15071],[-89.21246,29.1507],[-89.21246,29.15071],[-89.21245,29.15071],[-89.21245,29.15072],[-89.21246,29.15071],[-89.21245,29.15072],[-89.21246,29.15072],[-89.21246,29.1507],[-89.21245,29.1507],[-89.21244,29.15072],[-89.21245,29.15071],[-89.21246,29.15072],[-89.21245,29.15071],[-89.21246,29.1507],[-89.21245,29.1507],[-89.21245,29.15072],[-89.21246,29.15071],[-89.21247,29.15071],[-89.21246,29.1507],[-89.21246,29.15073],[-89.21247,29.15071],[-89.21246,29.15071],[-89.21246,29.15071],[-89.21246,29.1507],[-89.21246,29.15072],[-89.21246,29.15072],[-89.21244,29.15071],[-89.21245,29.15071],[-89.21244,29.15071],[-89.21245,29.15072],[-89.21246,29.15071],[-89.21246,29.1507],[-89.21246,29.15071],[-89.21246,29.15071],[-89.21246,29.15072],[-89.21245,29.15071],[-89.21245,29.15072],[-89.21245,29.15071],[-89.21245,29.15071],[-89.21246,29.1507],[-89.21246,29.1507],[-89.21245,29.15072],[-89.21245,29.1507],[-89.21245,29.15072],[-89.21244,29.15071],[-89.21244,29.15071],[-89.21244,29.15071],[-89.21245,29.15072],[-89.21245,29.15072],[-89.21245,29.15072],[-89.21245,29.15073],[-89.21244,29.15071],[-89.21243,29.15073],[-89.21245,29.15072],[-89.21246,29.15071],[-89.21246,29.15071],[-89.21245,29.15072],[-89.21246,29.15071],[-89.21246,29.15071],[-89.21246,29.15071],[-89.21246,29.15071],[-89.21246,29.15072],[-89.21246,29.15072],[-89.21245,29.15072],[-89.21245,29.15071],[-89.21245,29.15072],[-89.21246,29.15072],[-89.21245,29.1507],[-89.21246,29.1507],[-89.21244,29.15071]]}},{"type":"Feature","properties":{"mmsi":368152930,"vessel_name":"KIMBERLY CELESTE","suspicion_level":"LOW","total_score":38.6,"points_count":42},"geometry":{"type":"LineString","coordinates":[[-89.43821,28.84164],[-89.36295,28.8667],[-89.3578,28.86848],[-89.35264,28.87028],[-89.34484,28.87324],[-89.34051,28.87482],[-89.33794,28.87573],[-89.33442,28.87695],[-89.33002,28.87852],[-89.32735,28.87945],[-89.32297,28.88102],[-89.31674,28.88313],[-89.31232,28.88463],[-89.27359,28.89831],[-89.26134,28.90267],[-89.25786,28.9039],[-89.25528,28.9049],[-89.25096,28.90658],[-89.23814,28.91158],[-89.23638,28.91221],[-89.22875,28.91513],[-89.21784,28.91955],[-89.20206,28.92559],[-89.19716,28.9277],[-89.1922,28.92975],[-89.18979,28.93081],[-89.18741,28.93184],[-89.18018,28.93505],[-89.12177,28.97798],[-89.0974,29.00163],[-89.09536,29.0035],[-89.09328,29.00541],[-89.08474,29.01318],[-89.07637,29.0209],[-89.07298,29.02418],[-89.07097,29.02612],[-89.06754,29.02932],[-89.06486,29.03188],[-89.0374,29.05636],[-89.0302,29.06242],[-89.00885,29.08195],[-89.00519,29.08546]]}},{"type":"Feature","properties":{"mmsi":368238290,"vessel_name":"A.B. CENAC","suspicion_level":"LOW","total_score":36.1,"points_count":1214},"geometry":{"type":"LineString","coordinates":[[-89.3473,29.25151],[-89.3473,29.2515],[-89.3473,29.25151],[-89.34731,29.25151],[-89.34729,29.25151],[-89.3473,29.25152],[-89.34731,29.25152],[-89.34731,29.25152],[-89.3473,29.2515],[-89.3473,29.25149],[-89.3473,29.2515],[-89.34731,29.2515],[-89.34731,29.25151],[-89.34732,29.25151],[-89.34732,29.25151],[-89.34731,29.25152],[-89.34731,29.25151],[-89.34731,29.2515],[-89.34732,29.25148],[-89.3473,29.25148],[-89.3473,29.25147],[-89.3473,29.25148],[-89.3473,29.25151],[-89.34731,29.25149],[-89.34731,29.25148],[-89.34732,29.25148],[-89.34731,29.25148],[-89.34732,29.2515],[-89.34733,29.25147],[-89.34737,29.25149],[-89.34735,29.25148],[-89.34733,29.25148],[-89.34732,29.25148],[-89.34731,29.25149],[-89.34731,29.25149],[-89.34733,29.25147],[-89.34731,29.25148],[-89.34731,29.25149],[-89.34732,29.25148],[-89.34731,29.25148],[-89.34733,29.25149],[-89.34731,29.2515],[-89.34732,29.25149],[-89.34732,29.25149],[-89.34732,29.25149],[-89.34732,29.2515],[-89.34733,29.25149],[-89.34732,29.2515],[-89.34733,29.25148],[-89.34731,29.25148],[-89.34729,29.25152],[-89.34731,29.25149],[-89.3473,29.25151],[-89.34732,29.25147],[-89.34732,29.25148],[-89.34731,29.25149],[-89.34731,29.25149],[-89.34732,29.25149],[-89.34731,29.2515],[-89.34731,29.25149],[-89.34729,29.25149],[-89.34732,29.25151],[-89.34733,29.25152],[-89.34732,29.25151],[-89.34731,29.25151],[-89.3473,29.2515],[-89.3473,29.25149],[-89.34731,29.25148],[-89.3473,29.25148],[-89.34731,29.2515],[-89.34731,29.25152],[-89.34731,29.2515],[-89.3473,29.25149],[-89.34733,29.25151],[-89.34732,29.2515],[-89.34731,29.25149],[-89.34731,29.25148],[-89.34732,29.2515],[-89.34731,29.25151],[-89.34727,29.2515],[-89.3473,29.25148],[-89.34731,29.25149],[-89.34731,29.25149],[-89.34731,29.2515],[-89.34731,29.25152],[-89.3473,29.25153],[-89.34731,29.25149],[-89.34731,29.25148],[-89.34731,29.25148],[-89.34728,29.25149],[-89.34727,29.25149],[-89.34731,29.2515],[-89.3473,29.2515],[-89.34731,29.2515],[-89.34732,29.25151],[-89.3473,29.25151],[-89.3473,29.25152],[-89.3473,29.25152],[-89.34729,29.2515],[-89.3473,29.25149],[-89.34729,29.2515],[-89.34731,29.25149],[-89.34732,29.25149],[-89.34729,29.25148],[-89.3473,29.25148],[-89.34731,29.25149],[-89.34731,29.25149],[-89.3473,29.25151],[-89.34731,29.25151],[-89.3473,29.25149],[-89.3473,29.25149],[-89.34732,29.2515],[-89.34731,29.25149],[-89.34729,29.25149],[-89.34729,29.25149],[-89.34729,29.25149],[-89.34729,29.2515],[-89.3473,29.25149],[-89.3473,29.25152],[-89.34729,29.25151],[-89.3473,29.2515],[-89.34729,29.25149],[-89.34729,29.25148],[-89.34729,29.25148],[-89.34729,29.25149],[-89.3473,29.25149],[-89.3473,29.25148],[-89.34731,29.25149],[-89.3473,29.25148],[-89.34729,29.25149],[-89.3473,29.25148],[-89.34729,29.25148],[-89.3473,29.25149],[-89.3473,29.25149],[-89.34731,29.25149],[-89.34732,29.2515],[-89.34732,29.25149],[-89.3473,29.2515],[-89.34729,29.25149],[-89.34732,29.25149],[-89.34731,29.25149],[-89.34731,29.25151],[-89.34731,29.25149],[-89.34731,29.25149],[-89.34731,29.25148],[-89.3473,29.25148],[-89.34729,29.25148],[-89.3473,29.25149],[-89.34731,29.25148],[-89.34731,29.25149],[-89.3473,29.25148],[-89.3473,29.25149],[-89.3473,29.25149],[-89.34729,29.25149],[-89.34727,29.2515],[-89.34729,29.2515],[-89.34728,29.25149],[-89.34729,29.25149],[-89.34727,29.25148],[-89.3473,29.25149],[-89.3473,29.25151],[-89.34729,29.25149],[-89.34729,29.25151],[-89.34728,29.2515],[-89.34727,29.25149],[-89.34728,29.25148],[-89.34729,29.25149],[-89.3473,29.25148],[-89.34729,29.25146],[-89.34732,29.2515],[-89.3473,29.2515],[-89.34729,29.25151],[-89.34729,29.2515],[-89.34729,29.2515],[-89.34727,29.25147],[-89.34724,29.25147],[-89.34726,29.25146],[-89.34728,29.25148],[-89.3473,29.25151],[-89.3473,29.2515],[-89.3473,29.25151],[-89.34727,29.25151],[-89.34727,29.25151],[-89.34728,29.25151],[-89.34728,29.25152],[-89.34728,29.25151],[-89.3473,29.25152],[-89.34729,29.25152],[-89.34729,29.25151],[-89.34726,29.25153],[-89.34728,29.25152],[-89.34726,29.25152],[-89.34727,29.25152],[-89.34727,29.25152],[-89.34727,29.25152],[-89.34726,29.25151],[-89.34724,29.25151],[-89.34726,29.25152],[-89.34728,29.25152],[-89.34728,29.25154],[-89.34729,29.25153],[-89.34729,29.25152],[-89.34727,29.25151],[-89.34727,29.25152],[-89.34728,29.25151],[-89.34729,29.2515],[-89.34727,29.25152],[-89.34726,29.25151],[-89.34727,29.25151],[-89.34729,29.25151],[-89.34729,29.25151],[-89.3473,29.2515],[-89.34729,29.2515],[-89.3473,29.2515],[-89.34732,29.2515],[-89.34734,29.25149],[-89.34728,29.25149],[-89.34731,29.2515],[-89.34731,29.2515],[-89.34732,29.25152],[-89.3473,29.2515],[-89.34732,29.25151],[-89.34733,29.2515],[-89.34728,29.25151],[-89.34725,29.25147],[-89.3473,29.25149],[-89.34732,29.25148],[-89.3473,29.25147],[-89.3473,29.2515],[-89.34731,29.25151],[-89.34729,29.2515],[-89.34729,29.25149],[-89.34733,29.25148],[-89.34731,29.25148],[-89.34731,29.2515],[-89.3473,29.2515],[-89.34728,29.25148],[-89.34732,29.25147],[-89.34731,29.2515],[-89.34729,29.25152],[-89.3473,29.25152],[-89.3473,29.25147],[-89.34731,29.25148],[-89.3473,29.2515],[-89.34727,29.25151],[-89.34731,29.25151],[-89.34732,29.25148],[-89.34731,29.25149],[-89.3473,29.25149],[-89.34731,29.25149],[-89.34731,29.25151],[-89.34732,29.25151],[-89.34732,29.25151],[-89.34732,29.2515],[-89.34731,29.25152],[-89.34732,29.2515],[-89.34732,29.25151],[-89.34731,29.25152],[-89.34729,29.25151],[-89.3473,29.25151],[-89.34731,29.25151],[-89.34731,29.25151],[-89.34733,29.25151],[-89.34731,29.25152],[-89.3473,29.25155],[-89.3473,29.25155],[-89.34731,29.25153],[-89.34731,29.25152],[-89.34731,29.25152],[-89.34732,29.25152],[-89.34733,29.2515],[-89.34732,29.25149],[-89.3473,29.25147],[-89.3473,29.2515],[-89.34729,29.25151],[-89.3473,29.25155],[-89.34733,29.25155],[-89.3473,29.25152],[-89.34733,29.25152],[-89.34733,29.25149],[-89.34732,29.25149],[-89.34731,29.25148],[-89.34731,29.25149],[-89.34732,29.25152],[-89.34731,29.25153],[-89.3473,29.25151],[-89.34732,29.25151],[-89.34732,29.2515],[-89.34731,29.25151],[-89.34731,29.25151],[-89.34731,29.25151],[-89.34728,29.25153],[-89.34729,29.25149],[-89.3473,29.25149],[-89.34729,29.2515],[-89.34728,29.25149],[-89.3473,29.2515],[-89.3473,29.25151],[-89.3473,29.25153],[-89.34731,29.25156],[-89.34732,29.25153],[-89.34731,29.25151],[-89.34732,29.25152],[-89.34732,29.25152],[-89.3473,29.25153],[-89.34728,29.25153],[-89.34733,29.25152],[-89.34733,29.25152],[-89.3473,29.25152],[-89.34731,29.25152],[-89.34729,29.25151],[-89.3473,29.25153],[-89.34729,29.25152],[-89.34729,29.25151],[-89.34731,29.25152],[-89.34729,29.25149],[-89.34728,29.25152],[-89.34729,29.25151],[-89.34731,29.25151],[-89.34731,29.25149],[-89.34731,29.25151],[-89.34727,29.25152],[-89.3473,29.2515],[-89.34728,29.2515],[-89.34731,29.25149],[-89.34732,29.25154],[-89.3473,29.25151],[-89.34731,29.25149],[-89.3473,29.25149],[-89.34731,29.25149],[-89.34731,29.25148],[-89.34729,29.25151],[-89.34729,29.25152],[-89.34729,29.25151],[-89.34729,29.25151],[-89.3473,29.25151],[-89.34732,29.25149],[-89.3473,29.25151],[-89.3473,29.2515],[-89.3473,29.25151],[-89.34729,29.25152],[-89.34729,29.25151],[-89.34731,29.25151],[-89.3473,29.25151],[-89.34729,29.25151],[-89.34731,29.25151],[-89.34731,29.25151],[-89.34728,29.25149],[-89.34728,29.2515],[-89.34728,29.25149],[-89.3473,29.25151],[-89.34731,29.2515],[-89.34731,29.25149],[-89.34734,29.25149],[-89.34731,29.25149],[-89.34729,29.25149],[-89.34729,29.2515],[-89.34728,29.25151],[-89.34729,29.2515],[-89.34728,29.25151],[-89.3473,29.2515],[-89.34731,29.25149],[-89.34732,29.25149],[-89.34731,29.25149],[-89.34731,29.25151],[-89.34731,29.25152],[-89.34731,29.25151],[-89.34731,29.25151],[-89.34733,29.2515],[-89.34731,29.25148],[-89.34731,29.25149],[-89.34733,29.25148],[-89.34732,29.25148],[-89.34731,29.2515],[-89.34731,29.2515],[-89.34732,29.25149],[-89.3473,29.25153],[-89.34733,29.25148],[-89.34733,29.25149],[-89.34731,29.25152],[-89.34731,29.2515],[-89.34732,29.25148],[-89.34731,29.25151],[-89.34731,29.25149],[-89.34731,29.25151],[-89.34729,29.2515],[-89.3473,29.25149],[-89.34732,29.25148],[-89.34732,29.25148],[-89.34729,29.2515],[-89.34729,29.2515],[-89.3473,29.25151],[-89.34732,29.25151],[-89.34731,29.25154],[-89.3473,29.25154],[-89.34728,29.25152],[-89.34727,29.25148],[-89.3473,29.25147],[-89.34729,29.25149],[-89.34729,29.25149],[-89.3473,29.2515],[-89.34731,29.25151],[-89.34731,29.25151],[-89.34731,29.25152],[-89.34731,29.2515],[-89.3473,29.2515],[-89.3473,29.25151],[-89.34731,29.25151],[-89.34732,29.2515],[-89.3473,29.25151],[-89.34732,29.25149],[-89.34731,29.25149],[-89.34732,29.25149],[-89.34732,29.25148],[-89.34729,29.2515],[-89.34731,29.25148],[-89.34732,29.25147],[-89.34733,29.25149],[-89.34731,29.25151],[-89.34735,29.25151],[-89.34734,29.25151],[-89.34731,29.25149],[-89.34732,29.25148],[-89.3473,29.25151],[-89.34731,29.25151],[-89.34731,29.2515],[-89.3473,29.25149],[-89.34729,29.25149],[-89.34732,29.25148],[-89.3473,29.25149],[-89.34729,29.2515],[-89.3473,29.2515],[-89.3473,29.25148],[-89.34729,29.2515],[-89.34731,29.2515],[-89.34731,29.2515],[-89.34729,29.25152],[-89.34731,29.25151],[-89.34731,29.25148],[-89.3473,29.2515],[-89.34729,29.2515],[-89.3473,29.25148],[-89.34731,29.25149],[-89.3473,29.25148],[-89.34731,29.25148],[-89.34729,29.25149],[-89.34729,29.25148],[-89.3473,29.25147],[-89.34732,29.25148],[-89.3473,29.25149],[-89.34731,29.25149],[-89.34733,29.25147],[-89.34731,29.25148],[-89.3473,29.25149],[-89.3473,29.25149],[-89.34731,29.25148],[-89.34731,29.25148],[-89.34729,29.25149],[-89.34734,29.25148],[-89.34732,29.25147],[-89.3473,29.25146],[-89.34728,29.25146],[-89.34728,29.25146],[-89.34728,29.25148],[-89.34729,29.25147],[-89.34729,29.25147],[-89.34729,29.25147],[-89.34732,29.25148],[-89.3473,29.25148],[-89.3473,29.25149],[-89.34732,29.25147],[-89.34733,29.2515],[-89.34731,29.25147],[-89.34725,29.25144],[-89.34728,29.25146],[-89.34731,29.25149],[-89.34724,29.25148],[-89.3473,29.25148],[-89.34727,29.25146],[-89.34729,29.25149],[-89.34728,29.25148],[-89.34726,29.25147],[-89.3473,29.25148],[-89.34731,29.2515],[-89.3473,29.25151],[-89.34731,29.25151],[-89.3473,29.25147],[-89.3473,29.2515],[-89.34728,29.25149],[-89.34731,29.25148],[-89.34731,29.25151],[-89.34731,29.25147],[-89.34731,29.25147],[-89.34733,29.25148],[-89.34732,29.25149],[-89.3473,29.2515],[-89.34733,29.25149],[-89.34732,29.2515],[-89.34726,29.25153],[-89.34731,29.25151],[-89.3473,29.25151],[-89.34727,29.25149],[-89.3473,29.25149],[-89.34731,29.25151],[-89.34731,29.2515],[-89.34728,29.25151],[-89.3473,29.2515],[-89.3473,29.25149],[-89.3473,29.25151],[-89.34729,29.25152],[-89.3473,29.25154],[-89.3473,29.2515],[-89.34729,29.2515],[-89.34729,29.25151],[-89.34729,29.25149],[-89.3473,29.25149],[-89.3473,29.25151],[-89.3473,29.25149],[-89.34728,29.25147],[-89.34727,29.25148],[-89.34728,29.25147],[-89.34728,29.25148],[-89.34729,29.25151],[-89.3473,29.25151],[-89.3473,29.2515],[-89.34727,29.25149],[-89.34728,29.25148],[-89.34727,29.25147],[-89.34728,29.25148],[-89.3473,29.2515],[-89.34731,29.2515],[-89.34731,29.25149],[-89.34733,29.25148],[-89.34731,29.25148],[-89.3473,29.25148],[-89.34729,29.25148],[-89.3473,29.25148],[-89.34732,29.25148],[-89.34733,29.25152],[-89.34733,29.25149],[-89.34731,29.25147],[-89.34731,29.25149],[-89.34732,29.25149],[-89.34732,29.2515],[-89.34734,29.25147],[-89.34733,29.25147],[-89.34731,29.25151],[-89.34733,29.25147],[-89.34733,29.25147],[-89.3473,29.25151],[-89.34731,29.25147],[-89.3473,29.25149],[-89.3473,29.25149],[-89.34732,29.25148],[-89.3473,29.25148],[-89.3473,29.25148],[-89.34731,29.25149],[-89.34733,29.25149],[-89.34732,29.25147],[-89.34733,29.25148],[-89.34731,29.25147],[-89.34732,29.25147],[-89.34732,29.25147],[-89.34735,29.25144],[-89.34732,29.25148],[-89.3473,29.2515],[-89.3473,29.25149],[-89.34731,29.25149],[-89.3473,29.2515],[-89.3473,29.25151],[-89.34731,29.25151],[-89.34731,29.25152],[-89.34732,29.25148],[-89.34733,29.25148],[-89.34732,29.25147],[-89.34731,29.25147],[-89.3473,29.25147],[-89.34727,29.2515],[-89.34729,29.2515],[-89.34729,29.25151],[-89.34725,29.25153],[-89.34728,29.25149],[-89.3473,29.2515],[-89.34728,29.2515],[-89.34732,29.25146],[-89.34731,29.25151],[-89.34725,29.2515],[-89.34729,29.25151],[-89.34729,29.2515],[-89.3473,29.2515],[-89.34732,29.2515],[-89.34731,29.25151],[-89.3473,29.25152],[-89.34731,29.25151],[-89.34728,29.25148],[-89.34728,29.25148],[-89.34729,29.25149],[-89.3473,29.25149],[-89.34731,29.25149],[-89.34731,29.25151],[-89.3473,29.25149],[-89.34729,29.25149],[-89.34728,29.25153],[-89.34728,29.2515],[-89.34729,29.25145],[-89.34729,29.25149],[-89.34728,29.25148],[-89.3473,29.25149],[-89.3473,29.25149],[-89.34728,29.25147],[-89.3473,29.25147],[-89.34727,29.25148],[-89.3473,29.2515],[-89.34728,29.2522],[-89.34768,29.25386],[-89.34828,29.25555],[-89.34902,29.25726],[-89.34996,29.25892],[-89.35069,29.26043],[-89.35106,29.26205],[-89.3513,29.26354],[-89.35138,29.26519],[-89.35124,29.26681],[-89.35103,29.26841],[-89.3506,29.27005],[-89.34992,29.27157],[-89.34824,29.27205],[-89.34597,29.27058],[-89.34354,29.26851],[-89.34109,29.26653],[-89.33848,29.26459],[-89.33587,29.26264],[-89.33325,29.26074],[-89.33089,29.25905],[-89.32826,29.25717],[-89.32555,29.25522],[-89.32286,29.25331],[-89.32019,29.25134],[-89.31751,29.24943],[-89.31482,29.2474],[-89.31224,29.24539],[-89.30998,29.24361],[-89.30741,29.24157],[-89.30523,29.23969],[-89.30268,29.23745],[-89.30026,29.23516],[-89.29797,29.23273],[-89.2957,29.23037],[-89.29337,29.22793],[-89.29125,29.22538],[-89.28919,29.22288],[-89.28716,29.22029],[-89.28527,29.21763],[-89.28346,29.21499],[-89.28167,29.21228],[-89.27992,29.20951],[-89.27818,29.20679],[-89.27655,29.20413],[-89.27479,29.2014],[-89.27306,29.1987],[-89.27136,29.19603],[-89.2696,29.19327],[-89.26798,29.19058],[-89.2663,29.18781],[-89.2648,29.18508],[-89.2634,29.18226],[-89.26223,29.17981],[-89.26119,29.1775],[-89.26033,29.17568],[-89.25963,29.1739],[-89.25891,29.17206],[-89.25797,29.16921],[-89.25715,29.16661],[-89.25645,29.16392],[-89.25575,29.16133],[-89.25526,29.15941],[-89.2548,29.15758],[-89.25441,29.15584],[-89.25321,29.15413],[-89.25252,29.15378],[-89.24988,29.15291],[-89.24716,29.15207],[-89.24459,29.15121],[-89.24154,29.15012],[-89.23935,29.14935],[-89.23717,29.14852],[-89.23488,29.14767],[-89.2325,29.14685],[-89.23068,29.14635],[-89.22911,29.14575],[-89.22755,29.14485],[-89.22614,29.14367],[-89.22518,29.14238],[-89.22423,29.14158],[-89.22248,29.14101],[-89.21959,29.14023],[-89.21743,29.13969],[-89.21563,29.13888],[-89.21437,29.13754],[-89.21387,29.13552],[-89.21365,29.13324],[-89.21303,29.13096],[-89.21218,29.12878],[-89.21112,29.1267],[-89.21021,29.12472],[-89.20936,29.12255],[-89.20892,29.1203],[-89.20864,29.11802],[-89.20849,29.1161],[-89.20834,29.11412],[-89.20811,29.11183],[-89.20774,29.10957],[-89.20724,29.10742],[-89.20652,29.10526],[-89.20551,29.10331],[-89.20417,29.10148],[-89.20254,29.09975],[-89.2007,29.09811],[-89.19912,29.09653],[-89.1981,29.09533],[-89.19727,29.09426],[-89.19656,29.09335],[-89.19574,29.09252],[-89.19537,29.09226],[-89.19536,29.09192],[-89.19504,29.09182],[-89.195,29.0919],[-89.19504,29.09199],[-89.19497,29.09199],[-89.19486,29.09197],[-89.19478,29.09201],[-89.19475,29.09207],[-89.19474,29.09207],[-89.19473,29.09205],[-89.1941,29.09151],[-89.19405,29.0918],[-89.19407,29.09182],[-89.19411,29.09175],[-89.1937,29.09128],[-89.19276,29.09082],[-89.19185,29.09057],[-89.19102,29.0904],[-89.19015,29.09026],[-89.18845,29.08989],[-89.18763,29.08969],[-89.18683,29.08942],[-89.18574,29.08894],[-89.18497,29.08847],[-89.18452,29.08829],[-89.18448,29.08828],[-89.18429,29.08871],[-89.18463,29.08942],[-89.18505,29.08993],[-89.18573,29.0906],[-89.18602,29.09128],[-89.18585,29.09163],[-89.18581,29.09162],[-89.18551,29.09191],[-89.18504,29.09252],[-89.18505,29.09357],[-89.18485,29.09416],[-89.18464,29.09422],[-89.18457,29.09421],[-89.18362,29.09527],[-89.18268,29.09633],[-89.18187,29.09729],[-89.1814,29.09812],[-89.18088,29.09881],[-89.18058,29.09902],[-89.18042,29.09903],[-89.18036,29.09888],[-89.18031,29.09889],[-89.17951,29.09879],[-89.17858,29.09862],[-89.17767,29.09843],[-89.1767,29.0985],[-89.17554,29.09888],[-89.17452,29.09924],[-89.17365,29.09924],[-89.17291,29.0981],[-89.17213,29.09704],[-89.17118,29.09639],[-89.16966,29.09571],[-89.16807,29.09497],[-89.16657,29.09409],[-89.16507,29.09306],[-89.16359,29.09177],[-89.16236,29.09048],[-89.16111,29.08904],[-89.16061,29.08758],[-89.1602,29.0861],[-89.15989,29.08469],[-89.15965,29.08344],[-89.15929,29.0824],[-89.15869,29.08137],[-89.15784,29.08051],[-89.15751,29.08027],[-89.15724,29.08022],[-89.157,29.08013],[-89.15732,29.07964],[-89.15779,29.07923],[-89.15804,29.07897],[-89.15838,29.07849],[-89.15869,29.07795],[-89.15894,29.07745],[-89.1592,29.07696],[-89.1595,29.07642],[-89.15975,29.07585],[-89.16003,29.07542],[-89.16054,29.07498],[-89.16119,29.07461],[-89.16176,29.0743],[-89.16232,29.0739],[-89.16274,29.07335],[-89.16309,29.07279],[-89.1634,29.07222],[-89.16376,29.07157],[-89.16412,29.071],[-89.1646,29.07065],[-89.16524,29.07075],[-89.16579,29.07114],[-89.16586,29.07146],[-89.16568,29.0721],[-89.16554,29.07281],[-89.1654,29.07328],[-89.16532,29.07374],[-89.16522,29.07412],[-89.1652,29.0743],[-89.1652,29.07436],[-89.16515,29.07433],[-89.16513,29.07434],[-89.16515,29.07435],[-89.16516,29.07437],[-89.16518,29.07435],[-89.1651,29.07438],[-89.16514,29.07433],[-89.16524,29.07403],[-89.16547,29.07316],[-89.16567,29.07234],[-89.16581,29.07152],[-89.16549,29.07082],[-89.16473,29.07057],[-89.16422,29.071],[-89.1639,29.07157],[-89.1636,29.07208],[-89.1633,29.07258],[-89.16308,29.07298],[-89.16284,29.07335],[-89.16244,29.07383],[-89.16184,29.07427],[-89.16104,29.07464],[-89.16051,29.075],[-89.16008,29.07546],[-89.15982,29.07581],[-89.15954,29.07626],[-89.15931,29.07681],[-89.15913,29.07729],[-89.15899,29.07756],[-89.15885,29.07786],[-89.15868,29.0781],[-89.1584,29.07844],[-89.15813,29.07881],[-89.15779,29.07916],[-89.15749,29.07942],[-89.15713,29.08027],[-89.15821,29.08102],[-89.15901,29.0821],[-89.15959,29.08338],[-89.15972,29.08469],[-89.16011,29.08593],[-89.16039,29.08708],[-89.16074,29.0881],[-89.16144,29.08761],[-89.16154,29.08711],[-89.16177,29.08619],[-89.16219,29.0851],[-89.16272,29.08402],[-89.16317,29.08316],[-89.16361,29.08218],[-89.16404,29.08131],[-89.16455,29.08046],[-89.16504,29.0797],[-89.16505,29.07889],[-89.16492,29.07816],[-89.16486,29.07732],[-89.16488,29.07639],[-89.16496,29.07562],[-89.16508,29.07509],[-89.16512,29.07497],[-89.16511,29.07499],[-89.16508,29.07499],[-89.16511,29.07497],[-89.1651,29.07498],[-89.16511,29.07501],[-89.16508,29.07501],[-89.1651,29.07501],[-89.16511,29.075],[-89.1651,29.075],[-89.16512,29.07499],[-89.1651,29.07499],[-89.16509,29.075],[-89.16509,29.075],[-89.16513,29.07498],[-89.16512,29.07499],[-89.1651,29.07499],[-89.16512,29.075],[-89.16514,29.07499],[-89.16515,29.07497],[-89.16514,29.07497],[-89.16513,29.07497],[-89.16512,29.07498],[-89.16511,29.07498],[-89.16509,29.07498],[-89.16507,29.07498],[-89.16508,29.07499],[-89.1651,29.07499],[-89.1651,29.07499],[-89.16505,29.075],[-89.16506,29.07501],[-89.16507,29.075],[-89.16508,29.07502],[-89.16511,29.07497],[-89.1651,29.075],[-89.1651,29.07497],[-89.1651,29.07498],[-89.16509,29.07498],[-89.1651,29.07495],[-89.16509,29.07497],[-89.16509,29.07494],[-89.16509,29.07496],[-89.16509,29.07495],[-89.16507,29.07494],[-89.16508,29.07499],[-89.16511,29.07496],[-89.1651,29.07497],[-89.1651,29.07497],[-89.16509,29.07499],[-89.16509,29.07496],[-89.16512,29.07498],[-89.1651,29.07496],[-89.16509,29.07499],[-89.1651,29.07499],[-89.16512,29.07496],[-89.16509,29.07497],[-89.1651,29.07497],[-89.1651,29.07496],[-89.16509,29.07498],[-89.16511,29.07495],[-89.16509,29.07498],[-89.1651,29.07497],[-89.16509,29.07499],[-89.1651,29.07499],[-89.16512,29.07501],[-89.16511,29.07496],[-89.16511,29.07499],[-89.1651,29.07499],[-89.16511,29.07498],[-89.16513,29.07496],[-89.16512,29.07498],[-89.16513,29.07499],[-89.16512,29.075],[-89.16511,29.075],[-89.16509,29.075],[-89.1651,29.07501],[-89.16509,29.07502],[-89.16512,29.075],[-89.16511,29.07498],[-89.16514,29.07496],[-89.16515,29.07498],[-89.16513,29.07499],[-89.16511,29.075],[-89.16514,29.075],[-89.16511,29.075],[-89.16512,29.075],[-89.1651,29.07499],[-89.16506,29.07499],[-89.16509,29.07499],[-89.16509,29.075],[-89.16509,29.07499],[-89.16513,29.07497],[-89.16511,29.07498],[-89.16511,29.07497],[-89.16512,29.07498],[-89.16512,29.07498],[-89.16513,29.07498],[-89.1651,29.07499],[-89.16509,29.07498],[-89.16511,29.07499],[-89.16512,29.07501],[-89.16513,29.075],[-89.16512,29.075],[-89.16509,29.07501],[-89.16513,29.07498],[-89.16512,29.07499],[-89.16513,29.07501],[-89.16514,29.07501],[-89.16514,29.075],[-89.16508,29.07501],[-89.16508,29.07503],[-89.16508,29.07501],[-89.16509,29.075],[-89.1651,29.075],[-89.16506,29.07501],[-89.16509,29.07501],[-89.16509,29.07499],[-89.1651,29.07498],[-89.1651,29.07497],[-89.16514,29.07495],[-89.16513,29.07499],[-89.16513,29.07499],[-89.16512,29.07499],[-89.16509,29.075],[-89.16511,29.075],[-89.16515,29.07501],[-89.16511,29.07499],[-89.16512,29.075],[-89.16511,29.07499],[-89.16513,29.07501],[-89.16515,29.07493],[-89.16514,29.07495],[-89.16513,29.07497],[-89.16513,29.07496],[-89.16512,29.07496],[-89.16511,29.07496],[-89.16513,29.07499],[-89.16512,29.07499],[-89.16513,29.07499],[-89.16513,29.07498],[-89.16512,29.07498],[-89.1651,29.07501],[-89.1651,29.075],[-89.16511,29.07502],[-89.1652,29.07494],[-89.16518,29.07495],[-89.16514,29.07496],[-89.16512,29.07498],[-89.16511,29.07497],[-89.16512,29.07498],[-89.16513,29.075],[-89.16511,29.07499],[-89.16511,29.07499],[-89.16511,29.07499],[-89.16511,29.07499],[-89.16511,29.075],[-89.16511,29.075],[-89.16511,29.07501],[-89.16511,29.07501],[-89.16512,29.07501],[-89.16514,29.07501],[-89.16512,29.07498],[-89.16513,29.075],[-89.16515,29.07498],[-89.16515,29.07499],[-89.16513,29.07499],[-89.16511,29.07499],[-89.16512,29.07499],[-89.16512,29.075],[-89.16512,29.07499],[-89.16513,29.07499],[-89.16512,29.07499],[-89.16512,29.07499],[-89.16512,29.075],[-89.16511,29.075],[-89.16512,29.075],[-89.1651,29.07499],[-89.16509,29.07498],[-89.1651,29.07499],[-89.16509,29.07498],[-89.16511,29.07497],[-89.16511,29.07497],[-89.16512,29.07498],[-89.16511,29.07498],[-89.16509,29.07498],[-89.16511,29.07497],[-89.16512,29.07498],[-89.16513,29.07498],[-89.16514,29.07498],[-89.16516,29.075],[-89.16515,29.07497],[-89.16514,29.07498],[-89.16514,29.07497],[-89.16514,29.07497],[-89.16511,29.07497],[-89.16513,29.07498],[-89.16512,29.07497],[-89.16511,29.07498],[-89.16511,29.07499],[-89.16513,29.07497],[-89.16513,29.07498],[-89.16532,29.07076],[-89.16524,29.07065],[-89.16507,29.07056],[-89.16478,29.07053],[-89.16457,29.07071],[-89.16436,29.07097],[-89.1642,29.07123],[-89.16406,29.07148],[-89.16391,29.07167],[-89.16378,29.07185],[-89.16361,29.07208],[-89.16347,29.07229],[-89.16334,29.07249],[-89.16324,29.07265],[-89.16316,29.07278],[-89.16308,29.07295],[-89.16299,29.07309],[-89.16291,29.07325],[-89.16284,29.07339],[-89.16273,29.0735],[-89.16265,29.07361],[-89.16254,29.07374],[-89.1625,29.07381],[-89.16242,29.07388],[-89.16225,29.07401],[-89.16195,29.07424],[-89.16161,29.07448],[-89.16123,29.07465],[-89.1608,29.07486],[-89.16049,29.07503],[-89.16047,29.07509],[-89.16048,29.07509],[-89.16048,29.07508],[-89.16031,29.07514],[-89.16002,29.0754],[-89.15984,29.07593],[-89.15957,29.07629],[-89.15937,29.07674],[-89.15914,29.0771],[-89.15893,29.07752],[-89.15878,29.07789],[-89.15861,29.07823],[-89.15836,29.07852],[-89.15815,29.07879],[-89.1579,29.07905],[-89.15752,29.07937],[-89.15713,29.0798],[-89.15703,29.08008],[-89.15763,29.08051],[-89.15846,29.08131],[-89.15917,29.08257],[-89.15972,29.08409],[-89.15981,29.08551],[-89.16036,29.08691],[-89.16085,29.08875],[-89.16176,29.08994],[-89.16288,29.09111],[-89.16418,29.0923],[-89.16559,29.09353],[-89.16721,29.09445],[-89.16875,29.09527],[-89.1703,29.09603],[-89.17159,29.09693],[-89.17255,29.09777],[-89.17328,29.09863],[-89.17363,29.09906],[-89.17345,29.09897],[-89.1735,29.09935],[-89.17418,29.09928],[-89.17504,29.099],[-89.17604,29.09875],[-89.17737,29.09855],[-89.17838,29.09871],[-89.17882,29.09877],[-89.18,29.09901],[-89.18083,29.09873],[-89.18144,29.09803],[-89.18202,29.09715],[-89.18273,29.09629],[-89.1835,29.09541],[-89.18424,29.09462],[-89.18488,29.0939],[-89.18506,29.09294],[-89.18531,29.09208],[-89.18587,29.09128],[-89.18556,29.09054],[-89.18499,29.08986],[-89.18453,29.08944],[-89.1843,29.08889],[-89.18475,29.08854],[-89.18585,29.08892],[-89.18729,29.08957],[-89.18901,29.09007],[-89.19109,29.09052],[-89.19281,29.09082],[-89.19441,29.09143],[-89.1958,29.09229],[-89.19665,29.09342],[-89.19754,29.09475],[-89.19856,29.09608],[-89.19976,29.09728],[-89.20103,29.09843],[-89.20227,29.09962],[-89.20327,29.10063],[-89.20441,29.10182],[-89.20522,29.10314],[-89.20608,29.10409],[-89.2066,29.10544],[-89.20709,29.10688],[-89.20748,29.10835],[-89.20756,29.10967],[-89.20771,29.11129],[-89.20788,29.11309],[-89.20805,29.11449],[-89.20816,29.11634],[-89.20829,29.11796],[-89.2086,29.11949],[-89.20892,29.12109],[-89.20924,29.12265],[-89.20987,29.12411],[-89.21049,29.12559],[-89.21134,29.12674],[-89.21183,29.12809],[-89.21229,29.12954],[-89.21288,29.13101]]}},{"type":"Feature","properties":{"mmsi":368269780,"vessel_name":"GO GLORY","suspicion_level":"LOW","total_score":43.1,"points_count":1190},"geometry":{"type":"LineString","coordinates":[[-89.35599,29.25501],[-89.35599,29.25501],[-89.35599,29.25501],[-89.35599,29.25501],[-89.35599,29.25501],[-89.35599,29.25502],[-89.35598,29.25502],[-89.35598,29.25502],[-89.35598,29.25502],[-89.35599,29.25501],[-89.35599,29.25502],[-89.35599,29.25502],[-89.35598,29.25502],[-89.35598,29.25502],[-89.35598,29.25502],[-89.35599,29.25502],[-89.35599,29.25502],[-89.35599,29.25501],[-89.35599,29.25501],[-89.35599,29.25502],[-89.35599,29.25502],[-89.35599,29.25502],[-89.35599,29.25502],[-89.35599,29.25501],[-89.35599,29.25501],[-89.35599,29.25502],[-89.35599,29.25502],[-89.35599,29.25502],[-89.35598,29.25502],[-89.35599,29.25502],[-89.35598,29.25502],[-89.35598,29.25502],[-89.35599,29.25502],[-89.35599,29.25502],[-89.35598,29.25503],[-89.35598,29.25502],[-89.35598,29.25502],[-89.35598,29.25503],[-89.35598,29.25503],[-89.35599,29.25502],[-89.35598,29.25503],[-89.35598,29.25503],[-89.35598,29.25503],[-89.35597,29.25502],[-89.35598,29.25503],[-89.35599,29.25503],[-89.35598,29.25503],[-89.35597,29.25503],[-89.35598,29.25503],[-89.35598,29.25503],[-89.35598,29.25503],[-89.35598,29.25502],[-89.35599,29.25502],[-89.35598,29.25502],[-89.35598,29.25502],[-89.35598,29.25503],[-89.35598,29.25502],[-89.35598,29.25502],[-89.35599,29.25501],[-89.35598,29.25501],[-89.35598,29.25503],[-89.35598,29.25503],[-89.35598,29.25501],[-89.35599,29.25502],[-89.35599,29.25502],[-89.35598,29.25502],[-89.35598,29.25502],[-89.35598,29.25503],[-89.35599,29.25502],[-89.35598,29.25503],[-89.35598,29.25503],[-89.35598,29.25502],[-89.35599,29.25501],[-89.35599,29.25502],[-89.35599,29.25502],[-89.35599,29.25501],[-89.35598,29.25501],[-89.35598,29.25501],[-89.35598,29.25501],[-89.35598,29.25501],[-89.35598,29.25502],[-89.35598,29.25502],[-89.35598,29.25501],[-89.35598,29.25501],[-89.35598,29.25501],[-89.35599,29.25501],[-89.35598,29.25501],[-89.35598,29.25502],[-89.35598,29.25501],[-89.35598,29.25502],[-89.35599,29.25502],[-89.35598,29.25502],[-89.35598,29.25502],[-89.35598,29.25501],[-89.35599,29.25501],[-89.35599,29.25501],[-89.35598,29.25501],[-89.35598,29.25502],[-89.35599,29.25501],[-89.35598,29.25501],[-89.35598,29.25501],[-89.35598,29.25501],[-89.35599,29.255],[-89.35598,29.25501],[-89.35598,29.25501],[-89.35598,29.25501],[-89.35598,29.25501],[-89.35599,29.25501],[-89.35598,29.25501],[-89.35599,29.25501],[-89.35598,29.25501],[-89.35599,29.25501],[-89.35599,29.255],[-89.35598,29.25501],[-89.35599,29.25501],[-89.35599,29.25501],[-89.35599,29.25501],[-89.35599,29.25502],[-89.35599,29.25501],[-89.35599,29.25502],[-89.35599,29.25502],[-89.35599,29.25501],[-89.35599,29.25502],[-89.356,29.25501],[-89.356,29.25501],[-89.35599,29.25501],[-89.35599,29.25502],[-89.35599,29.25501],[-89.356,29.25502],[-89.35599,29.25501],[-89.35599,29.25501],[-89.35598,29.25502],[-89.35599,29.25501],[-89.35598,29.25501],[-89.35598,29.25502],[-89.35598,29.25501],[-89.35599,29.25501],[-89.35598,29.25502],[-89.35599,29.25502],[-89.356,29.25501],[-89.35599,29.25502],[-89.35599,29.25501],[-89.35599,29.25502],[-89.35599,29.25501],[-89.35599,29.25502],[-89.35599,29.25502],[-89.356,29.25503],[-89.356,29.25502],[-89.35599,29.25502],[-89.35599,29.25502],[-89.356,29.25502],[-89.35599,29.25502],[-89.356,29.255],[-89.35599,29.25501],[-89.35599,29.25501],[-89.356,29.25502],[-89.35598,29.25499],[-89.35616,29.25465],[-89.35641,29.25452],[-89.35635,29.2545],[-89.35633,29.2545],[-89.3562,29.25428],[-89.35624,29.25415],[-89.35586,29.2545],[-89.35517,29.25493],[-89.35462,29.25566],[-89.35443,29.25639],[-89.35462,29.25706],[-89.35504,29.25738],[-89.35493,29.25723],[-89.35471,29.25701],[-89.35463,29.25693],[-89.35467,29.25688],[-89.35483,29.25683],[-89.35489,29.2568],[-89.35488,29.25678],[-89.35488,29.25678],[-89.35488,29.25679],[-89.35485,29.25678],[-89.35487,29.25679],[-89.35487,29.25679],[-89.35487,29.25679],[-89.35487,29.25679],[-89.35488,29.25679],[-89.35488,29.25679],[-89.35487,29.25678],[-89.35489,29.25679],[-89.35488,29.25679],[-89.35488,29.2568],[-89.35488,29.2568],[-89.35488,29.2568],[-89.35488,29.25679],[-89.35488,29.2568],[-89.35488,29.25679],[-89.35489,29.2568],[-89.35489,29.25681],[-89.35488,29.2568],[-89.35487,29.25679],[-89.35488,29.25679],[-89.35488,29.25679],[-89.35488,29.25679],[-89.35488,29.25679],[-89.35486,29.25679],[-89.35487,29.25679],[-89.35488,29.2568],[-89.35489,29.2568],[-89.35488,29.2568],[-89.35489,29.2568],[-89.35488,29.2568],[-89.35489,29.25679],[-89.35489,29.25679],[-89.35488,29.25679],[-89.35488,29.25678],[-89.35488,29.2568],[-89.35488,29.25679],[-89.35489,29.2568],[-89.35489,29.2568],[-89.35489,29.2568],[-89.3549,29.2568],[-89.3549,29.2568],[-89.3549,29.2568],[-89.35489,29.25679],[-89.35489,29.25679],[-89.35488,29.2568],[-89.35488,29.25679],[-89.35488,29.2568],[-89.35489,29.25679],[-89.35489,29.25679],[-89.35489,29.25679],[-89.35488,29.25679],[-89.3549,29.2568],[-89.3549,29.2568],[-89.35489,29.2568],[-89.3549,29.2568],[-89.3549,29.25681],[-89.3549,29.25681],[-89.35489,29.25681],[-89.3549,29.25681],[-89.3549,29.25681],[-89.3549,29.25681],[-89.3549,29.25681],[-89.3549,29.25681],[-89.35491,29.25681],[-89.35491,29.25681],[-89.3549,29.25681],[-89.35491,29.25681],[-89.35491,29.2568],[-89.3549,29.25681],[-89.35491,29.25681],[-89.35492,29.25681],[-89.35492,29.2568],[-89.35491,29.25681],[-89.35491,29.25681],[-89.35492,29.25682],[-89.3549,29.25681],[-89.35491,29.25681],[-89.3549,29.25679],[-89.35491,29.2568],[-89.3549,29.2568],[-89.3549,29.2568],[-89.35491,29.25681],[-89.3549,29.25681],[-89.35491,29.25682],[-89.35489,29.25681],[-89.3549,29.25681],[-89.35491,29.25681],[-89.35491,29.25681],[-89.35491,29.25682],[-89.3549,29.25682],[-89.3549,29.25682],[-89.3549,29.25682],[-89.3549,29.25682],[-89.35491,29.25681],[-89.35491,29.25682],[-89.3549,29.25683],[-89.3549,29.25682],[-89.35491,29.25682],[-89.35491,29.25682],[-89.3549,29.25681],[-89.35489,29.25682],[-89.3549,29.25682],[-89.35489,29.25682],[-89.3549,29.25681],[-89.35489,29.25681],[-89.3549,29.25681],[-89.35489,29.25681],[-89.35487,29.25681],[-89.35487,29.25683],[-89.35488,29.25682],[-89.35487,29.25682],[-89.35488,29.2568],[-89.35488,29.25681],[-89.35489,29.25681],[-89.35487,29.25681],[-89.35488,29.25682],[-89.35488,29.2568],[-89.35489,29.25681],[-89.35488,29.25682],[-89.35488,29.25681],[-89.35487,29.25681],[-89.35487,29.2568],[-89.35486,29.2568],[-89.35487,29.25679],[-89.35487,29.2568],[-89.35489,29.25679],[-89.35488,29.2568],[-89.35488,29.25681],[-89.35488,29.25681],[-89.35488,29.2568],[-89.35487,29.2568],[-89.35487,29.2568],[-89.35487,29.25681],[-89.35488,29.25681],[-89.35488,29.2568],[-89.35487,29.2568],[-89.35486,29.25679],[-89.35486,29.2568],[-89.35488,29.25679],[-89.35487,29.25679],[-89.35487,29.2568],[-89.35488,29.2568],[-89.35489,29.2568],[-89.35488,29.2568],[-89.35488,29.2568],[-89.35489,29.25681],[-89.35489,29.2568],[-89.35488,29.2568],[-89.35489,29.2568],[-89.35489,29.2568],[-89.35489,29.25681],[-89.35489,29.25681],[-89.35489,29.25681],[-89.35488,29.2568],[-89.35488,29.2568],[-89.35488,29.25681],[-89.35487,29.25681],[-89.35488,29.2568],[-89.35487,29.25681],[-89.35486,29.25679],[-89.35487,29.2568],[-89.35488,29.25681],[-89.35486,29.25681],[-89.35487,29.25681],[-89.35487,29.2568],[-89.35487,29.2568],[-89.35487,29.2568],[-89.35488,29.25681],[-89.35487,29.25681],[-89.35486,29.25681],[-89.35487,29.2568],[-89.35488,29.2568],[-89.35487,29.2568],[-89.35488,29.25681],[-89.35486,29.2568],[-89.35486,29.2568],[-89.35486,29.2568],[-89.35488,29.2568],[-89.35487,29.2568],[-89.35488,29.25679],[-89.35488,29.2568],[-89.35489,29.2568],[-89.35489,29.2568],[-89.3549,29.2568],[-89.35489,29.25681],[-89.35488,29.2568],[-89.35488,29.2568],[-89.35488,29.25681],[-89.35487,29.2568],[-89.35487,29.2568],[-89.35487,29.2568],[-89.35488,29.25681],[-89.35489,29.2568],[-89.35489,29.2568],[-89.3549,29.2568],[-89.35489,29.2568],[-89.35488,29.2568],[-89.35488,29.2568],[-89.35488,29.25681],[-89.35489,29.25681],[-89.35488,29.25679],[-89.35489,29.2568],[-89.35488,29.25679],[-89.35488,29.2568],[-89.35489,29.2568],[-89.35487,29.2568],[-89.35488,29.25679],[-89.35488,29.25679],[-89.35489,29.2568],[-89.35487,29.2568],[-89.3549,29.25679],[-89.35488,29.2568],[-89.35488,29.2568],[-89.35489,29.25681],[-89.35488,29.2568],[-89.35488,29.2568],[-89.35488,29.2568],[-89.35488,29.25681],[-89.35488,29.2568],[-89.35488,29.2568],[-89.35488,29.2568],[-89.35488,29.25682],[-89.35488,29.25681],[-89.35488,29.2568],[-89.35488,29.25681],[-89.35489,29.2568],[-89.3549,29.25681],[-89.35488,29.25682],[-89.35488,29.2568],[-89.35489,29.2568],[-89.35488,29.25681],[-89.35488,29.25681],[-89.35488,29.2568],[-89.35488,29.25681],[-89.35489,29.2568],[-89.35489,29.25681],[-89.35489,29.2568],[-89.35489,29.25681],[-89.3549,29.2568],[-89.35484,29.25683],[-89.35478,29.25688],[-89.35432,29.25667],[-89.35407,29.25658],[-89.35314,29.25691],[-89.35233,29.25756],[-89.35176,29.25826],[-89.35142,29.25921],[-89.35134,29.26007],[-89.35125,29.26097],[-89.35125,29.26191],[-89.35108,29.2637],[-89.35119,29.26587],[-89.35103,29.26821],[-89.35053,29.27046],[-89.34961,29.27266],[-89.34956,29.27717],[-89.35034,29.27968],[-89.3512,29.28223],[-89.35182,29.28483],[-89.35178,29.28714],[-89.35142,29.28964],[-89.34967,29.2911],[-89.34798,29.29302],[-89.34588,29.29435],[-89.34351,29.29532],[-89.34081,29.29586],[-89.33799,29.2965],[-89.33531,29.29739],[-89.3326,29.29833],[-89.33007,29.29962],[-89.32805,29.30099],[-89.32644,29.3028],[-89.32487,29.30466],[-89.32381,29.30662],[-89.32259,29.30864],[-89.32117,29.31048],[-89.32005,29.31253],[-89.31886,29.3147],[-89.31791,29.31661],[-89.3167,29.31883],[-89.31585,29.32077],[-89.31477,29.32291],[-89.31358,29.32507],[-89.31244,29.32726],[-89.31128,29.32908],[-89.31013,29.33125],[-89.30909,29.33318],[-89.30767,29.33512],[-89.30658,29.33736],[-89.30512,29.33984],[-89.30412,29.34171],[-89.30318,29.34388],[-89.30232,29.34618],[-89.30205,29.34866],[-89.30193,29.35107],[-89.30172,29.35283],[-89.30158,29.35525],[-89.30151,29.35774],[-89.30181,29.36009],[-89.30229,29.36252],[-89.30266,29.36499],[-89.30304,29.3674],[-89.3035,29.36958],[-89.30393,29.37185],[-89.30423,29.37434],[-89.30457,29.37683],[-89.30492,29.37926],[-89.3053,29.38175],[-89.30569,29.38427],[-89.30604,29.38663],[-89.30641,29.38903],[-89.3068,29.39135],[-89.30719,29.3936],[-89.30758,29.39588],[-89.30795,29.3982],[-89.22571,29.39966],[-89.22241,29.39843],[-89.2192,29.39722],[-89.21589,29.3959],[-89.2128,29.39467],[-89.2096,29.3934],[-89.20646,29.39217],[-89.20325,29.39093],[-89.20004,29.38968],[-89.19727,29.38862],[-89.19406,29.38738],[-89.19087,29.38615],[-89.1881,29.38506],[-89.18495,29.3838],[-89.18177,29.38253],[-89.17861,29.38126],[-89.17543,29.37999],[-89.17228,29.3787],[-89.16952,29.37759],[-89.1663,29.37628],[-89.16312,29.37496],[-89.15996,29.37363],[-89.15692,29.37234],[-89.15427,29.37122],[-89.15112,29.36988],[-89.14803,29.36855],[-89.1449,29.36719],[-89.14169,29.3658],[-89.13861,29.36444],[-89.13548,29.36305],[-89.13254,29.36172],[-89.12941,29.36037],[-89.12639,29.35901],[-89.12329,29.35763],[-89.12021,29.35621],[-89.11712,29.35487],[-89.114,29.3535],[-89.11082,29.35214],[-89.10776,29.35078],[-89.1052,29.34965],[-89.10216,29.3483],[-89.09909,29.34694],[-89.09598,29.34557],[-89.09295,29.34421],[-89.08995,29.34287],[-89.08712,29.34156],[-89.08435,29.3403],[-89.08149,29.33899],[-89.08116,29.33883],[-89.07833,29.33753],[-89.0755,29.33623],[-89.0726,29.33487],[-89.06969,29.33354],[-89.06711,29.33227],[-89.06418,29.33091],[-89.06122,29.32952],[-89.05838,29.32819],[-89.05569,29.32682],[-89.05341,29.32553],[-89.05091,29.32399],[-89.04855,29.3224],[-89.04608,29.32071],[-89.04354,29.319],[-89.04115,29.3172],[-89.03888,29.31545],[-89.03659,29.31375],[-89.03416,29.31192],[-89.03184,29.31016],[-89.02966,29.30844],[-89.02745,29.30677],[-89.02515,29.30501],[-89.0228,29.30322],[-89.02056,29.30151],[-89.01816,29.29957],[-89.01595,29.29771],[-89.01371,29.29581],[-89.01116,29.29365],[-89.00898,29.29181],[-89.00679,29.28997],[-89.00447,29.28803],[-89.00265,29.28645],[-89.00046,29.28469],[-88.99828,29.28294],[-88.99603,29.28105],[-88.99383,29.27922],[-88.9913,29.27707],[-88.98912,29.27531],[-88.98711,29.27368],[-88.9846,29.27155],[-88.98247,29.26963],[-88.98018,29.26753],[-88.97796,29.26562],[-88.97598,29.26381],[-88.97389,29.26193],[-88.97171,29.25994],[-88.9697,29.25806],[-88.96746,29.25613],[-88.96526,29.25411],[-88.96314,29.25219],[-88.96055,29.24985],[-88.96021,29.24956],[-88.95791,29.24746],[-88.9555,29.24521],[-88.95307,29.24293],[-88.95117,29.24119],[-88.94913,29.23944],[-88.94703,29.23772],[-88.94496,29.23598],[-88.94333,29.23454],[-88.94126,29.23277],[-88.939,29.23079],[-88.9368,29.22892],[-88.9347,29.22705],[-88.93274,29.22527],[-88.93067,29.22347],[-88.92893,29.2219],[-88.92638,29.21955],[-88.92424,29.21763],[-88.92222,29.21581],[-88.92009,29.21384],[-88.91792,29.21185],[-88.9159,29.20996],[-88.91384,29.20808],[-88.91181,29.20618],[-88.90973,29.20431],[-88.90765,29.20241],[-88.90504,29.19999],[-88.90291,29.19797],[-88.90097,29.19607],[-88.89906,29.19422],[-88.89711,29.19239],[-88.89522,29.19055],[-88.89343,29.1889],[-88.89155,29.18706],[-88.88929,29.18485],[-88.88755,29.18293],[-88.88573,29.18094],[-88.88407,29.17883],[-88.8825,29.17661],[-88.88111,29.17439],[-88.87986,29.17209],[-88.87861,29.16965],[-88.87744,29.16725],[-88.87622,29.16478],[-88.87504,29.1623],[-88.87422,29.15994],[-88.87321,29.15735],[-88.87218,29.15472],[-88.87125,29.15214],[-88.87046,29.14938],[-88.86979,29.14666],[-88.86923,29.14426],[-88.8701,29.1419],[-88.87176,29.13975],[-88.87388,29.13774],[-88.87628,29.13565],[-88.87871,29.13341],[-88.88106,29.13117],[-88.88333,29.12901],[-88.88573,29.12678],[-88.88806,29.12457],[-88.89043,29.12234],[-88.89275,29.12005],[-88.89554,29.11749],[-88.89832,29.11489],[-88.90073,29.11259],[-88.90307,29.11036],[-88.90556,29.10807],[-88.90798,29.10589],[-88.91042,29.10361],[-88.91282,29.10141],[-88.9154,29.0991],[-88.91822,29.09653],[-88.92068,29.09419],[-88.92314,29.0919],[-88.92563,29.08957],[-88.9281,29.08725],[-88.93061,29.08497],[-88.93313,29.08267],[-88.93573,29.0804],[-88.93834,29.07818],[-88.94092,29.0761],[-88.94366,29.0739],[-88.94629,29.07187],[-88.94871,29.07003],[-88.95105,29.0682],[-88.95337,29.06644],[-88.95587,29.06496],[-88.95812,29.06374],[-88.95968,29.06272],[-88.96159,29.06136],[-88.96313,29.0602],[-88.96433,29.05916],[-88.9656,29.05826],[-88.96595,29.05792],[-88.96559,29.05768],[-88.96539,29.0574],[-88.96537,29.05729],[-88.96535,29.05716],[-88.96537,29.05706],[-88.96529,29.05693],[-88.96525,29.05679],[-88.96533,29.05659],[-88.96547,29.05643],[-88.96579,29.05636],[-88.96675,29.05664],[-88.96644,29.05723],[-88.9654,29.0579],[-88.96563,29.05789],[-88.96567,29.05755],[-88.96538,29.05734],[-88.96466,29.05782],[-88.96471,29.05786],[-88.96463,29.05781],[-88.96466,29.05782],[-88.96461,29.05779],[-88.96464,29.05778],[-88.96462,29.05782],[-88.96468,29.05778],[-88.96463,29.05779],[-88.96459,29.0578],[-88.96465,29.05776],[-88.96468,29.05775],[-88.96455,29.0578],[-88.9646,29.0578],[-88.96464,29.05776],[-88.96458,29.05776],[-88.9646,29.05777],[-88.96458,29.05775],[-88.96459,29.0578],[-88.96461,29.05779],[-88.96464,29.05775],[-88.96466,29.05778],[-88.96465,29.05772],[-88.96452,29.05774],[-88.96461,29.05776],[-88.96463,29.05781],[-88.96456,29.05777],[-88.96473,29.0576],[-88.96482,29.05768],[-88.96457,29.05781],[-88.96461,29.05782],[-88.96468,29.05778],[-88.96465,29.05781],[-88.9648,29.05768],[-88.96479,29.05764],[-88.96504,29.05749],[-88.96523,29.0574],[-88.96508,29.05716],[-88.96497,29.05699],[-88.96531,29.0568],[-88.96569,29.05661],[-88.96585,29.05651],[-88.96584,29.05654],[-88.96548,29.0565],[-88.96534,29.05652],[-88.96509,29.05697],[-88.96489,29.05694],[-88.96499,29.05694],[-88.96498,29.05711],[-88.965,29.05699],[-88.96525,29.05691],[-88.96513,29.05686],[-88.96496,29.05699],[-88.96497,29.05697],[-88.96511,29.05688],[-88.96529,29.05684],[-88.96523,29.0569],[-88.96502,29.05697],[-88.96495,29.05691],[-88.96561,29.05657],[-88.96564,29.05653],[-88.96504,29.05689],[-88.96487,29.05697],[-88.96495,29.05684],[-88.96526,29.05662],[-88.96505,29.05679],[-88.9649,29.05693],[-88.9653,29.05668],[-88.96573,29.05661],[-88.96531,29.05726],[-88.9648,29.0576],[-88.9646,29.05774],[-88.96461,29.05776],[-88.96491,29.05761],[-88.96461,29.0576],[-88.96525,29.05733],[-88.96548,29.05723],[-88.96485,29.05756],[-88.96461,29.05769],[-88.96457,29.05772],[-88.96464,29.05762],[-88.96515,29.05754],[-88.96515,29.0575],[-88.96477,29.05766],[-88.96464,29.05778],[-88.96469,29.05778],[-88.965,29.05761],[-88.96518,29.05755],[-88.96511,29.05745],[-88.96472,29.05769],[-88.96463,29.0578],[-88.96499,29.05765],[-88.96502,29.05759],[-88.96504,29.05747],[-88.9647,29.05767],[-88.96462,29.05778],[-88.96498,29.05764],[-88.96509,29.0576],[-88.9652,29.0575],[-88.96518,29.05741],[-88.96489,29.05761],[-88.96464,29.05773],[-88.96472,29.05768],[-88.96514,29.05744],[-88.96534,29.0574],[-88.96543,29.05729],[-88.96499,29.05752],[-88.96467,29.05773],[-88.96476,29.05772],[-88.96497,29.05764],[-88.96501,29.05756],[-88.96482,29.05766],[-88.96469,29.05774],[-88.96478,29.0577],[-88.96493,29.05758],[-88.96525,29.05739],[-88.96501,29.05757],[-88.96482,29.05761],[-88.96489,29.05758],[-88.96518,29.05747],[-88.96549,29.05729],[-88.96535,29.05722],[-88.96524,29.05737],[-88.96529,29.05736],[-88.9653,29.05729],[-88.96514,29.05741],[-88.9651,29.05748],[-88.96534,29.05733],[-88.96572,29.05705],[-88.96621,29.05669],[-88.96654,29.05643],[-88.96673,29.05646],[-88.96664,29.05649],[-88.96641,29.0564],[-88.96622,29.05644],[-88.96614,29.05676],[-88.96607,29.05693],[-88.96599,29.05679],[-88.96609,29.05662],[-88.96604,29.05686],[-88.96589,29.05705],[-88.96569,29.05702],[-88.96537,29.05712],[-88.96492,29.05752],[-88.96465,29.05777],[-88.96459,29.05781],[-88.96467,29.05778],[-88.96466,29.05779],[-88.96472,29.05777],[-88.96489,29.05768],[-88.96506,29.0576],[-88.96495,29.05726],[-88.96487,29.05704],[-88.96495,29.057],[-88.96493,29.05705],[-88.9652,29.05702],[-88.96551,29.05696],[-88.96525,29.05698],[-88.965,29.05693],[-88.96502,29.05663],[-88.96514,29.0564],[-88.96538,29.05623],[-88.96568,29.05608],[-88.96604,29.05582],[-88.96619,29.05579],[-88.96586,29.05603],[-88.96563,29.05615],[-88.9657,29.05636],[-88.96549,29.05663],[-88.96549,29.05664],[-88.96561,29.0565],[-88.96585,29.05628],[-88.96616,29.05604],[-88.96662,29.05572],[-88.96695,29.05546],[-88.96743,29.0551],[-88.96767,29.05506],[-88.96738,29.05514],[-88.9669,29.05514],[-88.96666,29.05506],[-88.96663,29.05517],[-88.96663,29.0558],[-88.96657,29.05615],[-88.96645,29.05612],[-88.96631,29.0563],[-88.96607,29.05662],[-88.96567,29.05679],[-88.96536,29.05723],[-88.96529,29.0574],[-88.96527,29.0573],[-88.96527,29.05719],[-88.96543,29.05703],[-88.96572,29.05681],[-88.96608,29.05657],[-88.96651,29.05629],[-88.96699,29.05596],[-88.96742,29.05565],[-88.96771,29.05548],[-88.96752,29.05544],[-88.96743,29.05521],[-88.96756,29.05495],[-88.96788,29.05461],[-88.96828,29.0542],[-88.96857,29.05389],[-88.9686,29.05374],[-88.96841,29.05367],[-88.9684,29.05352],[-88.96838,29.05336],[-88.96817,29.05336],[-88.96802,29.05355],[-88.96818,29.0538],[-88.9683,29.05393],[-88.9682,29.05399],[-88.96821,29.0538],[-88.96815,29.05359],[-88.96806,29.05351],[-88.96819,29.05344],[-88.96814,29.05334],[-88.96802,29.05335],[-88.96804,29.0535],[-88.96801,29.05355],[-88.96768,29.05338],[-88.96758,29.0531],[-88.96769,29.0529],[-88.96784,29.05292],[-88.96781,29.05307],[-88.96772,29.05318],[-88.96769,29.05307],[-88.96786,29.05289],[-88.96797,29.05287],[-88.96791,29.05334],[-88.96763,29.05388],[-88.9672,29.05415],[-88.96703,29.05469],[-88.96679,29.05526],[-88.9662,29.05548],[-88.96604,29.05606],[-88.96554,29.05651],[-88.96505,29.05693],[-88.96492,29.05708],[-88.96483,29.05697],[-88.96489,29.05699],[-88.96469,29.05738],[-88.96457,29.05767],[-88.96454,29.05774],[-88.96451,29.0577],[-88.9646,29.05776],[-88.96459,29.05773],[-88.96466,29.05769],[-88.96515,29.05737],[-88.96622,29.05691],[-88.96718,29.05717],[-88.96677,29.05809],[-88.96526,29.05874],[-88.96381,29.05855],[-88.96323,29.05788],[-88.96336,29.05764],[-88.96328,29.05758],[-88.96294,29.0574],[-88.96324,29.05692],[-88.96372,29.05646],[-88.96389,29.05665],[-88.96389,29.05678],[-88.96388,29.05677],[-88.9639,29.05677],[-88.96387,29.05678],[-88.96387,29.05669],[-88.96384,29.05676],[-88.96385,29.05678],[-88.9639,29.05626],[-88.96332,29.05539],[-88.96177,29.05549],[-88.96018,29.05649],[-88.95857,29.05802],[-88.95747,29.05964],[-88.95691,29.06136],[-88.95675,29.06261],[-88.95669,29.06241],[-88.95637,29.0624],[-88.95644,29.06292],[-88.9566,29.06337],[-88.95661,29.06356],[-88.95659,29.06365],[-88.95667,29.06383],[-88.9567,29.06421],[-88.95664,29.06409],[-88.95649,29.06453],[-88.9557,29.06478],[-88.95571,29.06461],[-88.95577,29.06455],[-88.95576,29.06461],[-88.95569,29.06457],[-88.95564,29.06458],[-88.95565,29.06459],[-88.95569,29.06455],[-88.9557,29.06458],[-88.95638,29.06473],[-88.95717,29.06398],[-88.95713,29.06367],[-88.95668,29.06326],[-88.95648,29.06342],[-88.95637,29.06353],[-88.95641,29.06356],[-88.95635,29.06362],[-88.95639,29.06358],[-88.95632,29.06361],[-88.95634,29.06357],[-88.95641,29.06355],[-88.95637,29.06357],[-88.95642,29.06355],[-88.95635,29.06358],[-88.95635,29.06361],[-88.95643,29.06353],[-88.95654,29.0634],[-88.95751,29.06258],[-88.9605,29.06064],[-88.96304,29.05909],[-88.96484,29.05811],[-88.96525,29.05765],[-88.96489,29.05761],[-88.96482,29.05757],[-88.96473,29.05765],[-88.96468,29.05768],[-88.96458,29.05778],[-88.96464,29.05778],[-88.96457,29.05775],[-88.96445,29.05765],[-88.96447,29.05766],[-88.96449,29.05766],[-88.96449,29.0576],[-88.9644,29.05761],[-88.96441,29.05764],[-88.9645,29.05761],[-88.96445,29.05764],[-88.96446,29.05762],[-88.96448,29.05764],[-88.96445,29.05763],[-88.96444,29.05763],[-88.96439,29.05768],[-88.9645,29.05761],[-88.96446,29.05763],[-88.96444,29.05764],[-88.96444,29.05762],[-88.96446,29.05762],[-88.96451,29.05766],[-88.96445,29.05766],[-88.96434,29.05771],[-88.96441,29.05768],[-88.9644,29.05771],[-88.96444,29.05769],[-88.96442,29.05769],[-88.96441,29.0577],[-88.96439,29.05767],[-88.96439,29.05767],[-88.9644,29.05768],[-88.96438,29.05768],[-88.96439,29.05768],[-88.96435,29.05767],[-88.96439,29.05766],[-88.96439,29.05768],[-88.96439,29.05767],[-88.96439,29.05767],[-88.96434,29.05767],[-88.96434,29.05767],[-88.96436,29.05767],[-88.96437,29.05767],[-88.96438,29.05767],[-88.96437,29.05765],[-88.96436,29.05764],[-88.96435,29.05765],[-88.96435,29.05766],[-88.96436,29.05764],[-88.96464,29.05746],[-88.96583,29.05667],[-88.96653,29.05601],[-88.96708,29.05536],[-88.9675,29.05474],[-88.9671,29.05351],[-88.96515,29.05364],[-88.9633,29.05453],[-88.96149,29.05628],[-88.95993,29.05825],[-88.95844,29.05989],[-88.95714,29.0615],[-88.95646,29.06226],[-88.95651,29.06276],[-88.95655,29.06259],[-88.95646,29.06286],[-88.95646,29.06328],[-88.95613,29.06331],[-88.95594,29.06334],[-88.95595,29.06338],[-88.95598,29.06339],[-88.95599,29.06338],[-88.95617,29.0634],[-88.95618,29.0635],[-88.95615,29.06352],[-88.95615,29.06348],[-88.95614,29.06351],[-88.95616,29.06349],[-88.95614,29.06349],[-88.95615,29.06348],[-88.95616,29.06349],[-88.95614,29.06351],[-88.95618,29.06348],[-88.9562,29.0635],[-88.95618,29.06348],[-88.95616,29.06349],[-88.95618,29.0635],[-88.9562,29.06352],[-88.95618,29.06348],[-88.95617,29.0635],[-88.95619,29.06347],[-88.95622,29.0635],[-88.95621,29.06348],[-88.95616,29.06348],[-88.95617,29.06347],[-88.95616,29.06348],[-88.95621,29.0635],[-88.9562,29.06352],[-88.9562,29.06348],[-88.95619,29.0635],[-88.95618,29.0635],[-88.9562,29.06351],[-88.95622,29.06351],[-88.95618,29.06349],[-88.95615,29.06346],[-88.95619,29.06349],[-88.95618,29.06348],[-88.95618,29.06347],[-88.95617,29.06348],[-88.95618,29.0635],[-88.95621,29.06348],[-88.95619,29.0635],[-88.95616,29.06348],[-88.95618,29.06346],[-88.95617,29.06351],[-88.95614,29.0635],[-88.95615,29.06347],[-88.95618,29.06348],[-88.95615,29.0635],[-88.95615,29.06349],[-88.95617,29.06351],[-88.95618,29.06349],[-88.95618,29.06347],[-88.95616,29.06348],[-88.95615,29.06346],[-88.95618,29.06348],[-88.95621,29.06351],[-88.95618,29.06352],[-88.95615,29.06348],[-88.95617,29.06348],[-88.95615,29.06348],[-88.95617,29.06351],[-88.95619,29.06351],[-88.95618,29.06349],[-88.95618,29.06349],[-88.95617,29.0635],[-88.95615,29.06351],[-88.95616,29.0635],[-88.95617,29.06349],[-88.95619,29.06349],[-88.95618,29.06348],[-88.95616,29.0635],[-88.95616,29.0635],[-88.95617,29.0635],[-88.95621,29.06348],[-88.95619,29.0635],[-88.95618,29.0635],[-88.95618,29.06347],[-88.95614,29.06349],[-88.95612,29.06349],[-88.95616,29.06352],[-88.95616,29.06351],[-88.95616,29.06349],[-88.95628,29.06356],[-88.95712,29.06404],[-88.9568,29.06448],[-88.9562,29.06433],[-88.95631,29.0642],[-88.957,29.06419],[-88.95664,29.06478],[-88.9557,29.065],[-88.95566,29.06472],[-88.95561,29.06457]]}}]}